-- phpMyAdmin SQL Dump
-- version 4.8.0.1
-- https://www.phpmyadmin.net/
--
-- Host: 127.0.0.1
-- Generation Time: Dec 26, 2018 at 11:34 AM
-- Server version: 10.1.32-MariaDB
-- PHP Version: 5.6.36

SET SQL_MODE = "NO_AUTO_VALUE_ON_ZERO";
SET AUTOCOMMIT = 0;
START TRANSACTION;
SET time_zone = "+00:00";


/*!40101 SET @OLD_CHARACTER_SET_CLIENT=@@CHARACTER_SET_CLIENT */;
/*!40101 SET @OLD_CHARACTER_SET_RESULTS=@@CHARACTER_SET_RESULTS */;
/*!40101 SET @OLD_COLLATION_CONNECTION=@@COLLATION_CONNECTION */;
/*!40101 SET NAMES utf8mb4 */;

--
-- Database: `exam_system`
--

-- --------------------------------------------------------

--
-- Table structure for table `answers`
--

CREATE TABLE `answers` (
  `ans_id` int(11) NOT NULL,
  `option_name` varchar(500) NOT NULL,
  `ans` varchar(500) NOT NULL,
  `question_id` int(11) NOT NULL,
  `correct_ans` varchar(500) NOT NULL,
  `status` varchar(500) NOT NULL
) ENGINE=InnoDB DEFAULT CHARSET=latin1;

--
-- Dumping data for table `answers`
--

INSERT INTO `answers` (`ans_id`, `option_name`, `ans`, `question_id`, `correct_ans`, `status`) VALUES
(1229, 'A', 'Sr Israar Hanif', 706, '0', 'Active'),
(1230, 'B', 'Kashif Ali', 706, 'B', 'Active'),
(1231, 'A', 'kashif ali', 707, '0', 'Active'),
(1232, 'B', 'lkjdflsd', 707, '0', 'Active'),
(1233, 'C', 'Sr aslam', 707, 'C', 'Active'),
(1234, 'D', 'Sr aslam', 707, '0', 'Active'),
(1235, 'A', 'Kashif Ali', 708, '0', 'Active'),
(1236, 'B', 'Kashif Ali', 708, 'B', 'Active'),
(1237, 'C', 'kashif ali', 708, '0', 'Active'),
(1238, 'D', 'Kashif Ali', 708, '0', 'Active'),
(1239, 'A', 'kashif ali', 709, '0', 'Active'),
(1240, 'B', 'Kashif Ali', 709, '0', 'Active'),
(1241, 'C', 'Sr aslam', 709, 'C', 'Active'),
(1242, 'D', 'lkjdflsd', 709, '0', 'Active'),
(1243, 'A', 'kashif ali', 710, '0', 'Active'),
(1244, 'B', 'lkjdflsd', 710, 'B', 'Active'),
(1245, 'A', 'kashif ali', 711, '0', 'Active'),
(1246, 'B', 'lkjdflsd', 711, 'B', 'Active'),
(1247, 'A', 'kashif ali', 712, 'A', 'Active'),
(1248, 'A', 'kashif ali', 713, '0', 'Active'),
(1249, 'B', 'lkjdflsd', 713, '0', 'Active'),
(1250, 'C', 'lkjdflsd', 713, '0', 'Active'),
(1251, 'D', 'Kashif Ali', 713, 'D', 'Active'),
(1252, 'A', 'kashif ali', 715, '0', 'Active'),
(1253, 'B', 'lkjdflsd', 715, '0', 'Active'),
(1254, 'C', 'lkjdflsd', 715, 'C', 'Active'),
(1255, 'D', 'Kashif Ali', 715, '0', 'Active'),
(1256, 'A', 'lkjdflsd', 716, '0', 'Active'),
(1257, 'B', 'lkjdflsd', 716, '0', 'Active'),
(1258, 'C', 'Sr aslam', 716, '0', 'Active'),
(1259, 'D', 'kashif ali', 716, 'D', 'Active'),
(1260, 'A', 'kashif ali', 717, '0', 'Active'),
(1261, 'B', 'Sr aslam', 717, '0', 'Active'),
(1262, 'C', 'Sr aslam', 717, 'C', 'Active'),
(1263, 'D', 'Kashif Ali', 717, '0', 'Active'),
(1264, 'A', 'lkjdflsd', 718, 'A', 'Active'),
(1265, 'B', 'Kashif Ali', 718, '0', 'Active'),
(1266, 'C', 'Kashif Ali', 718, '0', 'Active'),
(1267, 'D', 'Sr aslam', 718, '0', 'Active'),
(1268, 'A', 'lkjdflsd', 719, '0', 'Active'),
(1269, 'B', 'kashif ali', 719, '0', 'Active'),
(1270, 'C', 'Sr aslam', 719, 'C', 'Active'),
(1271, 'D', 'kashif ali', 719, '0', 'Active'),
(1272, 'A', 'kashif ali', 720, '0', 'Active'),
(1273, 'B', 'lkjdflsd', 720, '0', 'Active'),
(1274, 'C', 'Sr aslam', 720, 'C', 'Active'),
(1275, 'D', 'Sr aslam', 720, '0', 'Active'),
(1276, 'A', 'kashif ali', 721, '0', 'Active'),
(1277, 'B', 'kashif ali', 721, 'B', 'Active'),
(1278, 'C', 'kashif ali', 721, '0', 'Active'),
(1279, 'D', 'Tijaarat', 721, '0', 'Active'),
(1280, 'A', 'lkjdflsd', 722, '0', 'Active'),
(1281, 'B', 'lkjdflsd', 722, '0', 'Active'),
(1282, 'C', 'Kashif ali', 722, '0', 'Active'),
(1283, 'D', 'Kashif Ali', 722, 'D', 'Active'),
(1284, 'A', 'kashif ali', 723, '0', 'Active'),
(1285, 'B', 'lkjdflsd', 723, '0', 'Active'),
(1286, 'C', 'Sr aslam', 723, '0', 'Active'),
(1287, 'D', 'Kashif Ali', 723, 'D', 'Active'),
(1288, 'A', 'kashif ali', 724, '0', 'Active'),
(1289, 'B', 'kashif ali', 724, '0', 'Active'),
(1290, 'C', 'Kashif Ali', 724, 'C', 'Active'),
(1291, 'D', 'lkjdflsd', 724, '0', 'Active'),
(1292, 'A', 'kashif ali', 725, '0', 'Active'),
(1293, 'B', 'lkjdflsd', 725, '0', 'Active'),
(1294, 'C', 'Sr aslam', 725, 'C', 'Active'),
(1295, 'D', 'Kashif Ali', 725, '0', 'Active'),
(1296, 'A', 'kashif ali', 726, '0', 'Active'),
(1297, 'B', 'Kashif Ali', 726, '0', 'Active'),
(1298, 'C', 'Kashif ali', 726, 'C', 'Active'),
(1299, 'D', 'Kashif Ali', 726, '0', 'Active'),
(1300, 'A', 'kashif ali', 727, '0', 'Active'),
(1301, 'B', 'lkjdflsd', 727, '0', 'Active'),
(1302, 'C', 'Kashif Ali', 727, 'C', 'Active'),
(1303, 'D', 'kashif ali', 727, '0', 'Active'),
(1304, 'A', 'Kashif Ali', 728, '0', 'Active'),
(1305, 'B', 'lkjdflsd', 728, '0', 'Active'),
(1306, 'C', 'Kashif Ali', 728, 'C', 'Active'),
(1307, 'D', 'lkjdflsd', 728, '0', 'Active'),
(1308, 'A', 'kashif ali', 730, '0', 'Active'),
(1309, 'B', 'Sr aslam', 730, '0', 'Active'),
(1310, 'C', 'Sr aslam', 730, 'C', 'Active'),
(1311, 'D', 'Kashif Ali', 730, '0', 'Active'),
(1312, 'A', 'kashif ali', 731, '0', 'Active'),
(1313, 'B', 'Kashif Ali', 731, 'B', 'Active'),
(1314, 'A', 'lkjdflsd', 732, '0', 'Active'),
(1315, 'B', 'lkjdflsd', 732, '0', 'Active'),
(1316, 'C', 'Sr aslam', 732, 'C', 'Active'),
(1317, 'D', 'Kashif Ali', 732, '0', 'Active'),
(1318, 'A', 'kashif ali', 733, '0', 'Active'),
(1319, 'B', 'lkjdflsd', 733, '0', 'Active'),
(1320, 'C', 'Kashif Ali', 733, 'C', 'Active'),
(1321, 'D', 'Kashif ali', 733, '0', 'Active'),
(1322, 'A', 'kashif ali', 734, '0', 'Active'),
(1323, 'B', 'lkjdflsd', 734, '0', 'Active'),
(1324, 'C', 'Kashif Ali', 734, '0', 'Active'),
(1325, 'D', 'Kashif Ali', 734, 'D', 'Active'),
(1326, 'A', 'kashif ali', 735, '0', 'Active'),
(1327, 'B', 'Kashif Ali', 735, '0', 'Active'),
(1328, 'C', 'kashif ali', 735, 'C', 'Active'),
(1329, 'D', 'Kashif Ali', 735, '0', 'Active'),
(1330, 'A', 'lkjdflsd', 736, '0', 'Active'),
(1331, 'B', 'lkjdflsd', 736, '0', 'Active'),
(1332, 'C', 'Kashif Ali', 736, 'C', 'Active'),
(1333, 'D', 'lkjdflsd', 736, '0', 'Active'),
(1334, 'A', 'lkjdflsd', 737, '0', 'Active'),
(1335, 'B', 'lkjdflsd', 737, '0', 'Active'),
(1336, 'C', 'lkjdflsd', 737, '0', 'Active'),
(1337, 'D', 'lkjdflsd', 737, 'D', 'Active'),
(1338, 'A', 'kashif ali', 740, '0', 'Active'),
(1339, 'B', 'Kashif Ali', 740, '0', 'Active'),
(1340, 'C', 'Kashif Ali', 740, 'C', 'Active'),
(1341, 'D', 'Kashif Ali', 740, '0', 'Active'),
(1342, 'A', 'kashif ali', 741, '0', 'Active'),
(1343, 'B', 'Kashif Ali', 741, 'B', 'Active'),
(1344, 'A', 'kashif ali', 742, '0', 'Active'),
(1345, 'B', 'Kashif Ali', 742, 'B', 'Active'),
(1346, 'C', 'Kashif Ali', 742, '0', 'Active'),
(1347, 'D', 'Sr aslam', 742, '0', 'Active'),
(1348, 'A', 'Kashif Ali', 744, '0', 'Active'),
(1349, 'B', 'kashif ali', 744, 'B', 'Active'),
(1350, 'C', 'Kashif Ali', 744, '0', 'Active'),
(1351, 'D', 'kashif ali', 744, '0', 'Active'),
(1352, 'A', 'kashif ali', 745, '0', 'Active'),
(1353, 'B', 'Kashif Ali', 745, '0', 'Active'),
(1354, 'C', 'Sr aslam', 745, '0', 'Active'),
(1355, 'D', 'lkjdflsd', 745, 'D', 'Active'),
(1356, 'A', 'kashif ali', 746, '0', 'Active'),
(1357, 'B', 'Sr aslam', 746, '0', 'Active'),
(1358, 'C', 'Sr aslam', 746, 'C', 'Active'),
(1359, 'D', 'Kashif Ali', 746, '0', 'Active'),
(1360, 'A', 'lkjdflsd', 749, '0', 'Active'),
(1361, 'B', 'lkjdflsd', 749, '0', 'Active'),
(1362, 'C', 'Kashif Ali', 749, 'C', 'Active'),
(1363, 'D', 'lkjdflsd', 749, '0', 'Active'),
(1364, 'A', 'kashif ali', 750, '0', 'Active'),
(1365, 'B', 'lkjdflsd', 750, 'B', 'Active'),
(1366, 'A', 'kashif ali', 751, '0', 'Active'),
(1367, 'B', 'kashif ali', 751, '0', 'Active'),
(1368, 'C', 'Kashif ali', 751, '0', 'Active'),
(1369, 'D', 'Sr aslam', 751, 'D', 'Active'),
(1370, 'A', 'lkjdflsd', 752, '0', 'Active'),
(1371, 'B', 'lkjdflsd', 752, '0', 'Active'),
(1372, 'C', 'Sr aslam', 752, 'C', 'Active'),
(1373, 'D', 'Kashif Ali', 752, '0', 'Active'),
(1374, 'A', 'kashif ali', 753, '0', 'Active'),
(1375, 'B', 'lkjdflsd', 753, 'B', 'Active'),
(1376, 'C', 'Kashif Ali', 753, '0', 'Active'),
(1377, 'D', 'Kashif ali', 753, '0', 'Active'),
(1378, 'A', 'lkjdflsd', 754, '0', 'Active'),
(1379, 'B', 'Kashif Ali', 754, 'B', 'Active'),
(1380, 'C', 'lkjdflsd', 754, '0', 'Active'),
(1381, 'D', 'lkjdflsd', 754, '0', 'Active'),
(1382, 'A', 'Kashif Ali', 755, '0', 'Active'),
(1383, 'B', 'Sr aslam', 755, 'B', 'Active'),
(1384, 'C', 'lkjdflsd', 755, '0', 'Active'),
(1385, 'D', 'Kashif Ali', 755, '0', 'Active'),
(1386, 'A', 'kashif ali', 756, '0', 'Active'),
(1387, 'B', 'lkjdflsd', 756, '0', 'Active'),
(1388, 'C', 'Kashif Ali', 756, 'C', 'Active'),
(1389, 'D', 'lkjdflsd', 756, '0', 'Active'),
(1390, 'A', 'kashif ali', 757, '0', 'Active'),
(1391, 'B', 'lkjdflsd', 757, '0', 'Active'),
(1392, 'C', 'Kashif ali', 757, 'C', 'Active'),
(1393, 'D', 'lkjdflsd', 757, '0', 'Active'),
(1394, 'A', 'kashif ali', 758, '0', 'Active'),
(1395, 'B', 'lkjdflsd', 758, 'B', 'Active'),
(1396, 'A', 'kashif ali', 760, '0', 'Active'),
(1397, 'B', 'lkjdflsd', 760, 'B', 'Active'),
(1398, 'A', 'kashif ali', 761, '0', 'Active'),
(1399, 'B', 'lkjdflsd', 761, 'B', 'Active'),
(1400, 'A', 'kashif ali', 762, '0', 'Active'),
(1401, 'B', 'Kashif Ali', 762, 'B', 'Active'),
(1402, 'A', 'kashif ali', 763, 'A', 'Active'),
(1403, 'B', 'lkjdflsd', 763, '0', 'Active'),
(1404, 'A', 'lkjdflsd', 764, '0', 'Active'),
(1405, 'B', 'lkjdflsd', 764, 'B', 'Active'),
(1406, 'A', 'kashif ali', 765, '0', 'Active'),
(1407, 'B', 'lkjdflsd', 765, 'B', 'Active'),
(1408, 'A', 'kashif ali', 766, '0', 'Active'),
(1409, 'B', 'Kashif Ali', 766, 'B', 'Active'),
(1410, 'A', 'kashif ali', 767, '0', 'Active'),
(1411, 'B', 'lkjdflsd', 767, '0', 'Active'),
(1412, 'C', 'lkjdflsd', 767, 'C', 'Active'),
(1413, 'D', 'Kashif Ali', 767, '0', 'Active'),
(1414, 'A', 'kashif ali', 768, '0', 'Active'),
(1415, 'B', 'Kashif ali', 768, 'B', 'Active'),
(1416, 'A', 'kashif ali', 769, '0', 'Active'),
(1417, 'B', 'lkjdflsd', 769, 'B', 'Active'),
(1418, 'A', 'kashif ali', 770, '0', 'Active'),
(1419, 'B', 'Sr aslam', 770, 'B', 'Active'),
(1420, 'A', 'kashif ali', 772, '0', 'Active'),
(1421, 'B', 'lkjdflsd', 772, 'B', 'Active'),
(1422, 'A', 'kashif ali', 773, '0', 'Active'),
(1423, 'B', 'lkjdflsd', 773, 'B', 'Active'),
(1424, 'A', 'kashif ali', 774, '0', 'Active'),
(1425, 'B', 'Kashif Ali', 774, 'B', 'Active'),
(1426, 'A', 'kashif ali', 775, '0', 'Active'),
(1427, 'B', 'lkjdflsd', 775, 'B', 'Active'),
(1428, 'A', 'kashif ali', 776, '0', 'Active'),
(1429, 'B', 'Sr aslam', 776, 'B', 'Active'),
(1430, 'A', 'kashif ali', 777, '0', 'Active'),
(1431, 'B', 'lkjdflsd', 777, 'B', 'Active'),
(1432, 'A', 'kashif ali', 778, '0', 'Active'),
(1433, 'B', 'lkjdflsd', 778, 'B', 'Active'),
(1434, 'A', 'kashif ali', 779, '0', 'Active'),
(1435, 'B', 'lkjdflsd', 779, 'B', 'Active'),
(1436, 'A', 'kashif ali', 780, '0', 'Active'),
(1437, 'B', 'lkjdflsd', 780, 'B', 'Active'),
(1438, 'A', 'lkjdflsd', 781, '0', 'Active'),
(1439, 'B', 'Kashif Ali', 781, 'B', 'Active'),
(1440, 'A', 'kashif ali', 782, '0', 'Active'),
(1441, 'B', 'Kashif Ali', 782, 'B', 'Active'),
(1442, 'A', 'lkjdflsd', 783, 'A', 'Active'),
(1443, 'B', 'Kashif Ali', 783, '0', 'Active'),
(1444, 'A', 'kashif ali', 784, '0', 'Active'),
(1445, 'B', 'Kashif Ali', 784, 'B', 'Active'),
(1446, 'A', 'kashif ali', 785, 'A', 'Active'),
(1447, 'B', 'Kashif Ali', 785, '0', 'Active'),
(1448, 'A', 'kashif ali', 786, '0', 'Active'),
(1449, 'B', 'lkjdflsd', 786, 'B', 'Active'),
(1450, 'A', 'lkjdflsd', 787, '0', 'Active'),
(1451, 'B', 'Kashif Ali', 787, 'B', 'Active'),
(1452, 'A', 'kashif ali', 790, '0', 'Active'),
(1453, 'B', 'lkjdflsd', 790, 'B', 'Active'),
(1454, 'A', 'Kashif Ali', 791, 'A', 'Active'),
(1455, 'B', 'Kashif ali', 791, '0', 'Active'),
(1456, 'A', 'kashif ali', 792, '0', 'Active'),
(1457, 'B', 'Sr aslam', 792, 'B', 'Active'),
(1458, 'A', 'lkjdflsd', 793, '0', 'Active'),
(1459, 'B', 'Kashif ali', 793, 'B', 'Active'),
(1460, 'A', 'kashif ali', 794, '0', 'Active'),
(1461, 'B', 'Kashif Ali', 794, 'B', 'Active'),
(1462, 'A', 'lkjdflsd', 795, '0', 'Active'),
(1463, 'B', 'Kashif Ali', 795, 'B', 'Active'),
(1464, 'A', 'kashif ali', 796, '0', 'Active'),
(1465, 'B', 'lkjdflsd', 796, 'B', 'Active'),
(1466, 'A', 'Kashif Ali', 797, '0', 'Active'),
(1467, 'B', 'Kashif Ali', 797, 'B', 'Active'),
(1468, 'A', 'kashif ali', 798, '0', 'Active'),
(1469, 'B', 'Kashif Ali', 798, 'B', 'Active'),
(1470, 'A', 'lkjdflsd', 799, 'A', 'Active'),
(1471, 'B', 'Kashif Ali', 799, '0', 'Active'),
(1472, 'A', 'kashif ali', 800, '0', 'Active'),
(1473, 'B', 'Kashif Ali', 800, 'B', 'Active'),
(1474, 'A', 'kashif ali', 801, '0', 'Active'),
(1475, 'B', 'Kashif Ali', 801, 'B', 'Active'),
(1476, 'A', 'kashif ali', 802, '0', 'Active'),
(1477, 'B', 'lkjdflsd', 802, '0', 'Active'),
(1478, 'C', 'Kashif Ali', 802, 'C', 'Active'),
(1479, 'D', 'lkjdflsd', 802, '0', 'Active'),
(1480, 'A', 'kashif ali', 803, '0', 'Active'),
(1481, 'B', 'Sr aslam', 803, 'B', 'Active'),
(1482, 'C', 'Kashif Ali', 803, '0', 'Active'),
(1483, 'D', 'Sr aslam', 803, '0', 'Active'),
(1484, 'A', 'Kashif Ali', 804, '0', 'Active'),
(1485, 'B', 'Kashif Ali', 804, '0', 'Active'),
(1486, 'C', 'Kashif ali', 804, 'C', 'Active'),
(1487, 'D', 'lkjdflsd', 804, '0', 'Active'),
(1488, 'A', 'lkjdflsd', 805, '0', 'Active'),
(1489, 'B', 'Kashif Ali', 805, '0', 'Active'),
(1490, 'C', 'Sr aslam', 805, 'C', 'Active'),
(1491, 'D', 'Kashif Ali', 805, '0', 'Active'),
(1492, 'A', 'lkjdflsd', 806, '0', 'Active'),
(1493, 'B', 'kashif ali', 806, 'B', 'Active'),
(1494, 'C', 'Kashif ali', 806, '0', 'Active'),
(1495, 'D', 'Kashif Ali', 806, '0', 'Active'),
(1496, 'A', 'lkjdflsd', 807, '0', 'Active'),
(1497, 'B', 'lkjdflsd', 807, '0', 'Active'),
(1498, 'C', 'Sr aslam', 807, 'C', 'Active'),
(1499, 'D', 'lkjdflsd', 807, '0', 'Active'),
(1500, 'A', 'kashif ali', 808, '0', 'Active'),
(1501, 'B', 'lkjdflsd', 808, '0', 'Active'),
(1502, 'C', 'Kashif ali', 808, 'C', 'Active'),
(1503, 'D', 'Sr aslam', 808, '0', 'Active'),
(1504, 'A', 'kashif ali', 809, '0', 'Active'),
(1505, 'B', 'Kashif Ali', 809, 'B', 'Active'),
(1506, 'C', 'Sr aslam', 809, '0', 'Active'),
(1507, 'D', 'Kashif Ali', 809, '0', 'Active'),
(1508, 'A', 'lkjdflsd', 810, '0', 'Active'),
(1509, 'B', 'lkjdflsd', 810, '0', 'Active'),
(1510, 'C', 'Sr aslam', 810, 'C', 'Active'),
(1511, 'D', 'lkjdflsd', 810, '0', 'Active'),
(1512, 'A', 'kashif ali', 811, '0', 'Active'),
(1513, 'B', 'lkjdflsd', 811, '0', 'Active'),
(1514, 'C', 'Sr aslam', 811, '0', 'Active'),
(1515, 'D', 'Sr aslam', 811, 'D', 'Active'),
(1516, 'A', 'lkjdflsd', 812, 'A', 'Active'),
(1517, 'B', 'lkjdflsd', 812, '0', 'Active'),
(1518, 'C', 'Sr aslam', 812, '0', 'Active'),
(1519, 'D', 'lkjdflsd', 812, '0', 'Active'),
(1520, 'A', 'kashif ali', 813, '0', 'Active'),
(1521, 'B', 'lkjdflsd', 813, '0', 'Active'),
(1522, 'C', 'Sr aslam', 813, 'C', 'Active'),
(1523, 'D', 'lkjdflsd', 813, '0', 'Active'),
(1524, 'A', 'lkjdflsd', 814, '0', 'Active'),
(1525, 'B', 'Sr aslam', 814, 'B', 'Active'),
(1526, 'C', 'Kashif ali', 814, '0', 'Active'),
(1527, 'D', 'lkjdflsd', 814, '0', 'Active'),
(1528, 'A', 'kashif ali', 815, '0', 'Active'),
(1529, 'B', 'lkjdflsd', 815, '0', 'Active'),
(1530, 'C', 'Kashif ali', 815, '0', 'Active'),
(1531, 'D', 'Kashif Ali', 815, 'D', 'Active'),
(1532, 'A', 'kashif ali', 816, '0', 'Active'),
(1533, 'B', 'lkjdflsd', 816, '0', 'Active'),
(1534, 'C', 'Tijaarat', 816, 'C', 'Active'),
(1535, 'D', 'Kashif Ali', 816, '0', 'Active'),
(1536, 'A', 'kashif ali', 817, '0', 'Active'),
(1537, 'B', 'lkjdflsd', 817, 'B', 'Active'),
(1538, 'C', 'Sr aslam', 817, '0', 'Active'),
(1539, 'D', 'Kashif Ali', 817, '0', 'Active'),
(1540, 'A', 'kashif ali', 818, '0', 'Active'),
(1541, 'B', 'lkjdflsd', 818, '0', 'Active'),
(1542, 'C', 'Kashif ali', 818, 'C', 'Active'),
(1543, 'D', 'lkjdflsd', 818, '0', 'Active'),
(1544, 'A', 'kashif ali', 819, '0', 'Active'),
(1545, 'B', 'Kashif Ali', 819, '0', 'Active'),
(1546, 'C', 'Sr aslam', 819, 'C', 'Active'),
(1547, 'D', 'Kashif Ali', 819, '0', 'Active'),
(1548, 'A', 'lkjdflsd', 820, '0', 'Active'),
(1549, 'B', 'lkjdflsd', 820, '0', 'Active'),
(1550, 'C', 'Kashif ali', 820, 'C', 'Active'),
(1551, 'D', 'Kashif ali', 820, '0', 'Active'),
(1552, 'A', 'kashif ali', 821, 'A', 'Active'),
(1553, 'B', 'kashif ali', 821, '0', 'Active'),
(1554, 'C', 'Tijaarat', 821, '0', 'Active'),
(1555, 'D', 'Sr aslam', 821, '0', 'Active'),
(1556, 'A', 'kashif ali', 822, '0', 'Active'),
(1557, 'B', 'Kashif Ali', 822, 'B', 'Active'),
(1558, 'A', 'lkjdflsd', 823, '0', 'Active'),
(1559, 'B', 'Sr aslam', 823, 'B', 'Active'),
(1560, 'A', 'kashif ali', 824, '0', 'Active'),
(1561, 'B', 'lkjdflsd', 824, 'B', 'Active'),
(1562, 'A', 'kashif ali', 825, '0', 'Active'),
(1563, 'B', 'lkjdflsd', 825, 'B', 'Active'),
(1564, 'A', 'kashif ali', 826, '0', 'Active'),
(1565, 'B', 'kashif ali', 826, '0', 'Active'),
(1566, 'C', 'kashif ali', 826, '0', 'Active'),
(1567, 'D', 'Kashif ali', 826, 'D', 'Active'),
(1568, 'A', 'lkjdflsd', 827, '0', 'Active'),
(1569, 'B', 'lkjdflsd', 827, 'B', 'Active'),
(1570, 'C', 'Kashif ali', 827, '0', 'Active'),
(1571, 'D', 'Kashif Ali', 827, '0', 'Active'),
(1572, 'A', 'lkjdflsd', 828, '0', 'Active'),
(1573, 'B', 'lkjdflsd', 828, '0', 'Active'),
(1574, 'C', 'Sr aslam', 828, '0', 'Active'),
(1575, 'D', 'Kashif Ali', 828, 'D', 'Active'),
(1576, 'A', 'kashif ali', 829, 'A', 'Active'),
(1577, 'B', 'lkjdflsd', 829, '0', 'Active'),
(1578, 'C', 'Kashif Ali', 829, '0', 'Active'),
(1579, 'D', 'kashif ali', 829, '0', 'Active'),
(1580, 'A', 'kashif ali', 830, '0', 'Active'),
(1581, 'B', 'kashif ali', 830, 'B', 'Active'),
(1582, 'C', 'Kashif ali', 830, '0', 'Active'),
(1583, 'D', 'Kashif Ali', 830, '0', 'Active'),
(1584, 'A', 'kashif ali', 831, '0', 'Active'),
(1585, 'B', 'kashif ali', 831, '0', 'Active'),
(1586, 'C', 'Kashif ali', 831, '0', 'Active'),
(1587, 'D', 'Tijaarat', 831, 'D', 'Active'),
(1588, 'A', 'kashif ali', 832, '0', 'Active'),
(1589, 'B', 'lkjdflsd', 832, '0', 'Active'),
(1590, 'C', 'Kashif ali', 832, 'C', 'Active'),
(1591, 'D', 'Sr aslam', 832, '0', 'Active'),
(1592, 'A', 'kashif ali', 833, '0', 'Active'),
(1593, 'B', 'Tijaarat', 833, 'B', 'Active'),
(1594, 'C', 'Kashif Ali', 833, '0', 'Active'),
(1595, 'D', 'Kashif Ali', 833, '0', 'Active'),
(1596, 'A', 'kashif ali', 834, '0', 'Active'),
(1597, 'B', 'lkjdflsdsdf', 834, '0', 'Active'),
(1598, 'C', 'Sr aslam', 834, 'C', 'Active'),
(1599, 'D', 'lkjdflsd', 834, '0', 'Active'),
(1600, 'A', 'Kashif Ali', 835, '0', 'Active'),
(1601, 'B', 'Sr aslam', 835, 'B', 'Active'),
(1602, 'C', 'Kashif Ali', 835, '0', 'Active'),
(1603, 'D', 'kashif ali', 835, '0', 'Active'),
(1604, 'A', 'kashif ali', 836, '0', 'Active'),
(1605, 'B', 'kashif ali lkkj', 836, 'B', 'Active'),
(1606, 'C', 'Kashif Ali', 836, '0', 'Active'),
(1607, 'D', 'kashif ali', 836, '0', 'Active'),
(1608, 'A', 'kashif ali', 837, 'A', 'Active'),
(1609, 'B', 'lkjdflsd', 837, '0', 'Active'),
(1610, 'C', 'lkjdflsd', 837, '0', 'Active'),
(1611, 'D', 'Kashif Ali', 837, '0', 'Active'),
(1612, 'A', 'kashif ali', 838, 'A', 'Active'),
(1613, 'B', 'lkjdflsd', 838, '0', 'Active'),
(1614, 'C', 'lkjdflsd', 838, '0', 'Active'),
(1615, 'D', 'Kashif Ali', 838, '0', 'Active'),
(1616, 'A', 'Kashif Ali', 839, '0', 'Active'),
(1617, 'B', 'kashif ali', 839, '0', 'Active'),
(1618, 'C', 'lkjdflsd', 839, 'C', 'Active'),
(1619, 'D', 'kashif ali', 839, '0', 'Active'),
(1620, 'A', 'lkjdflsd', 840, '0', 'Active'),
(1621, 'B', 'lkjdflsd', 840, 'B', 'Active'),
(1622, 'C', 'Sr aslam', 840, '0', 'Active'),
(1623, 'D', 'lkjdflsd', 840, '0', 'Active'),
(1624, 'A', 'Kashif Ali', 841, '0', 'Active'),
(1625, 'B', 'Kashif Ali', 841, 'B', 'Active'),
(1626, 'C', 'lkjdflsd', 841, '0', 'Active'),
(1627, 'D', 'Kashif Ali', 841, '0', 'Active'),
(1628, 'A', 'kashif ali', 842, '0', 'Active'),
(1629, 'B', 'Kashif Ali', 842, '0', 'Active'),
(1630, 'C', 'Sr aslam dsf', 842, 'C', 'Active'),
(1631, 'D', 'Kashif Ali', 842, '0', 'Active'),
(1632, 'A', 'kashif ali', 843, '0', 'Active'),
(1633, 'B', 'Kashif Ali', 843, '0', 'Active'),
(1634, 'C', 'Tijaarat', 843, 'C', 'Active'),
(1635, 'D', 'Sr aslam', 843, '0', 'Active'),
(1636, 'A', 'kashif ali', 844, '0', 'Active'),
(1637, 'B', 'Kashif Ali', 844, 'B', 'Active'),
(1638, 'C', 'lkjdflsd', 844, '0', 'Active'),
(1639, 'D', 'Kashif Ali', 844, '0', 'Active'),
(1640, 'A', 'kashif ali', 845, '0', 'Active'),
(1641, 'B', 'Sr aslam', 845, 'B', 'Active'),
(1642, 'C', 'Sr aslam', 845, '0', 'Active'),
(1643, 'D', 'Kashif Ali', 845, '0', 'Active'),
(1644, 'A', 'kashif ali', 846, '0', 'Active'),
(1645, 'B', 'lkjdflsd', 846, 'B', 'Active'),
(1646, 'C', 'Kashif Ali', 846, '0', 'Active'),
(1647, 'D', 'lkjdflsd', 846, '0', 'Active'),
(1648, 'A', 'kashif ali', 847, '0', 'Active'),
(1649, 'B', 'Tijaarat', 847, 'B', 'Active'),
(1650, 'C', 'kashif ali', 847, '0', 'Active'),
(1651, 'D', 'Sr aslam', 847, '0', 'Active'),
(1652, 'A', 'Kashif Ali', 848, '0', 'Active'),
(1653, 'B', 'Kashif ali', 848, 'B', 'Active'),
(1654, 'C', 'lkjdflsd', 848, '0', 'Active'),
(1655, 'D', 'kashif ali', 848, '0', 'Active'),
(1656, 'A', 'kashif ali', 849, '0', 'Active'),
(1657, 'B', 'Tijaarat', 849, 'B', 'Active'),
(1658, 'C', 'Sr aslam', 849, '0', 'Active'),
(1659, 'D', 'lkjdflsd', 849, '0', 'Active'),
(1660, 'A', 'kashif ali edf', 850, '0', 'Active'),
(1661, 'B', 'lkjdflsd', 850, 'B', 'Active'),
(1662, 'C', 'Sr aslam', 850, '0', 'Active'),
(1663, 'D', 'Kashif Ali', 850, '0', 'Active'),
(1664, 'A', 'lkjdflsd', 851, '0', 'Active'),
(1665, 'B', 'Kashif ali', 851, 'B', 'Active'),
(1666, 'C', 'Kashif Ali', 851, '0', 'Active'),
(1667, 'D', 'kashif ali', 851, '0', 'Active'),
(1668, 'A', 'Sr aslam', 852, '0', 'Active'),
(1669, 'B', 'lkjdflsd', 852, 'B', 'Active'),
(1670, 'C', 'Kashif Ali', 852, '0', 'Active'),
(1671, 'D', 'Kashif Ali', 852, '0', 'Active'),
(1672, 'A', 'lkjdflsd', 853, '0', 'Active'),
(1673, 'B', 'Kashif ali', 853, '0', 'Active'),
(1674, 'C', 'lkjdflsd', 853, 'C', 'Active'),
(1675, 'D', 'kashif ali', 853, '0', 'Active'),
(1676, 'A', 'kashif ali', 854, '0', 'Active'),
(1677, 'B', 'lkjdflsd', 854, 'B', 'Active'),
(1678, 'C', 'Kashif ali', 854, '0', 'Active'),
(1679, 'D', 'kashif ali', 854, '0', 'Active'),
(1680, 'A', 'kashif ali', 855, '0', 'Active'),
(1681, 'B', 'Kashif ali', 855, '0', 'Active'),
(1682, 'C', 'lkjdflsd', 855, 'C', 'Active'),
(1683, 'D', 'lkjdflsd', 855, '0', 'Active'),
(1684, 'A', 'Kashif Ali', 856, '0', 'Active'),
(1685, 'B', 'Kashif ali', 856, '0', 'Active'),
(1686, 'C', 'lkjdflsd', 856, 'C', 'Active'),
(1687, 'D', 'kashif ali', 856, '0', 'Active'),
(1688, 'A', 'kashif ali', 857, '0', 'Active'),
(1689, 'B', 'Kashif Ali', 857, 'B', 'Active'),
(1690, 'C', 'Kashif Ali', 857, '0', 'Active'),
(1691, 'D', 'Kashif Ali', 857, '0', 'Active'),
(1692, 'A', 'kashif ali', 858, '0', 'Active'),
(1693, 'B', 'lkjdflsd', 858, 'B', 'Active'),
(1694, 'C', 'Sr aslam', 858, '0', 'Active'),
(1695, 'D', 'kashif ali', 858, '0', 'Active'),
(1696, 'A', 'kashif ali', 859, '0', 'Active'),
(1697, 'B', 'kashif ali', 859, 'B', 'Active'),
(1698, 'C', 'lkjdflsd', 859, '0', 'Active'),
(1699, 'D', 'kashif ali', 859, '0', 'Active'),
(1700, 'A', 'lkjdflsd', 860, '0', 'Active'),
(1701, 'B', 'Sr aslam', 860, '0', 'Active'),
(1702, 'C', 'Sr aslam', 860, '0', 'Active'),
(1703, 'D', 'lkjdflsd', 860, 'D', 'Active'),
(1704, 'A', 'kashif ali', 861, '0', 'Active'),
(1705, 'B', 'Kashif ali', 861, '0', 'Active'),
(1706, 'C', 'Kashif Ali', 861, 'C', 'Active'),
(1707, 'D', 'kashif ali', 861, '0', 'Active'),
(1708, 'A', 'kashif ali', 862, '0', 'Active'),
(1709, 'B', 'kashif ali', 862, 'B', 'Active'),
(1710, 'C', 'Tijaarat', 862, '0', 'Active'),
(1711, 'D', 'Kashif Ali', 862, '0', 'Active'),
(1712, 'A', 'defsdfdsfs', 863, '0', 'Active'),
(1713, 'B', 'sdfdfsf', 863, '0', 'Active'),
(1714, 'C', 'sdfdsd', 863, 'C', 'Active'),
(1715, 'D', 'sdsfds', 863, '0', 'Active'),
(1716, 'A', 'sdffdfd', 864, '0', 'Active'),
(1717, 'B', 'sdfdsfsdff', 864, '0', 'Active'),
(1718, 'C', 'sddfs', 864, 'C', 'Active'),
(1719, 'D', 'sddffssd', 864, '0', 'Active'),
(1720, 'A', 'dsffsfaasfsdf', 865, '0', 'Active'),
(1721, 'B', 'xzvvzvcxv', 865, '0', 'Active'),
(1722, 'C', 'xcvxcvcv', 865, '0', 'Active'),
(1723, 'D', 'cxvcxvvc', 865, 'D', 'Active'),
(1724, 'A', 'kashif ali', 866, '0', 'Active'),
(1725, 'B', 'lkjdflsd', 866, 'B', 'Active'),
(1726, 'C', 'Kashif ali', 866, '0', 'Active'),
(1727, 'A', 'kashif ali', 867, '0', 'Active'),
(1728, 'B', 'Sr aslam', 867, 'B', 'Active'),
(1729, 'C', 'lkjdflsd', 867, '0', 'Active'),
(1730, 'A', 'sdfsdfd', 868, '0', 'Active'),
(1731, 'B', 'sdfsdfddfsd', 868, 'B', 'Active'),
(1732, 'C', 'sdfdsf', 868, '0', 'Active'),
(1733, 'D', 'sdfdsfdf', 868, '0', 'Active'),
(1734, 'A', 'fdgf', 869, '0', 'Active'),
(1735, 'B', 'fdgfdgdf', 869, '0', 'Active'),
(1736, 'C', 'fdgfg', 869, 'C', 'Active'),
(1737, 'D', 'dfgfdg', 869, '0', 'Active'),
(1738, 'A', 'fdsfs', 870, '0', 'Active'),
(1739, 'B', 'sdfdfd', 870, '0', 'Active'),
(1740, 'C', 'dsfdsfsdfs', 870, '0', 'Active'),
(1741, 'D', 'dsfdsfdf', 870, 'D', 'Active'),
(1742, 'A', 'fdsfd', 871, '0', 'Active'),
(1743, 'B', 'sdfdsfd', 871, 'B', 'Active'),
(1744, 'C', 'sdfdsfdf', 871, '0', 'Active'),
(1745, 'D', 'sdfdsfdsf', 871, '0', 'Active'),
(1746, 'A', 'sdsfdfd', 872, '0', 'Active'),
(1747, 'B', 'sdfdfdf', 872, '0', 'Active'),
(1748, 'C', 'sdfdfds', 872, '0', 'Active'),
(1749, 'D', 'dsfdsfdffd', 872, 'D', 'Active'),
(1750, 'A', 'dfgfdg', 873, '0', 'Active'),
(1751, 'B', 'dsfdd', 873, 'B', 'Active'),
(1752, 'A', 'dsfdd', 874, '0', 'Active'),
(1753, 'B', 'dfgfdg', 874, 'B', 'Active'),
(1754, 'A', 'dsfdd', 875, '0', 'Active'),
(1755, 'B', 'dsfdsfdf', 875, 'B', 'Active'),
(1756, 'A', 'dsfdsfdf', 876, 'A', 'Active'),
(1757, 'B', 'dsfdsfdf', 876, '0', 'Active'),
(1758, 'A', 'dsfdd', 877, '0', 'Active'),
(1759, 'B', 'dsfdsfdf', 877, 'B', 'Active'),
(1760, 'A', 'dfgfdg', 878, '0', 'Active'),
(1761, 'B', 'dsfdd', 878, 'B', 'Active'),
(1762, 'C', 'dsfdd', 878, '0', 'Active'),
(1763, 'D', 'dsfdsfdf', 878, '0', 'Active'),
(1764, 'A', 'dfgfdg', 879, '0', 'Active'),
(1765, 'B', 'dsfdd', 879, '0', 'Active'),
(1766, 'C', 'dsfdd', 879, 'C', 'Active'),
(1767, 'D', 'dsfdd', 879, '0', 'Active'),
(1768, 'A', 'dsfdd', 880, '0', 'Active'),
(1769, 'B', 'dsfdd', 880, 'B', 'Active'),
(1770, 'C', 'dsfdsfdf', 880, '0', 'Active'),
(1771, 'D', 'dsfdsfdffd', 880, '0', 'Active'),
(1772, 'A', 'dfgfdg', 881, '0', 'Active'),
(1773, 'B', 'dsfdd', 881, '0', 'Active'),
(1774, 'C', 'dsfdsfdf', 881, '0', 'Active'),
(1775, 'D', 'dfgfdg', 881, 'D', 'Active'),
(1776, 'A', 'dsfdd', 882, 'A', 'Active'),
(1777, 'B', 'dsfdsfdf', 882, '0', 'Active'),
(1778, 'C', 'dsfdd', 882, '0', 'Active'),
(1779, 'D', 'dsfdd', 882, '0', 'Active'),
(1780, 'A', 'dsfdd', 883, '0', 'Active'),
(1781, 'B', 'dsfdsfdf', 883, 'B', 'Active'),
(1782, 'C', 'dsfdsfdf', 883, '0', 'Active'),
(1783, 'D', 'dsfdsfdf', 883, '0', 'Active'),
(1784, 'A', 'dfgfdg', 884, '0', 'Active'),
(1785, 'B', 'dsfdd', 884, '0', 'Active'),
(1786, 'C', 'dsfdsfdf', 884, 'C', 'Active'),
(1787, 'D', 'dsfdd', 884, '0', 'Active'),
(1788, 'A', 'dfgfdg', 885, '0', 'Active'),
(1789, 'B', 'dfgfdg', 885, '0', 'Active'),
(1790, 'C', 'dsfdd', 885, 'C', 'Active'),
(1791, 'D', 'dsfdd', 885, '0', 'Active'),
(1792, 'A', 'dfgfdg', 886, '0', 'Active'),
(1793, 'B', 'dsfdd', 886, 'B', 'Active'),
(1794, 'C', 'dsfdd', 886, '0', 'Active'),
(1795, 'D', 'dsfdsfdf', 886, '0', 'Active'),
(1796, 'A', 'dfgfdg', 892, '0', 'Active'),
(1797, 'B', 'dsfdd dfdsf', 892, 'B', 'Active'),
(1798, 'A', 'dsfdsfdf', 893, 'A', 'Active'),
(1799, 'B', 'dsfdsfdf', 893, '0', 'Active'),
(1800, 'A', 'dfgfdg', 894, '0', 'Active'),
(1801, 'B', 'dsfdsfdf', 894, 'B', 'Active'),
(1802, 'A', 'dfgfdg', 895, '0', 'Active'),
(1803, 'B', 'dsfdd', 895, 'B', 'Active'),
(1804, 'A', 'dfgfdg', 896, '0', 'Active'),
(1805, 'B', 'dsfdd', 896, 'B', 'Active'),
(1806, 'A', 'dfgfdg', 897, '0', 'Active'),
(1807, 'B', 'dsfdd', 897, '0', 'Active'),
(1808, 'C', 'dsfdsfdf', 897, 'C', 'Active'),
(1809, 'A', 'dfgfdg', 898, '0', 'Active'),
(1810, 'B', 'dsfdsfdf', 898, 'B', 'Active'),
(1811, 'C', 'dsfdsfdffd', 898, '0', 'Active'),
(1812, 'A', 'dfgfdg', 899, '0', 'Active'),
(1813, 'B', 'dsfdsfdffd', 899, '0', 'Active'),
(1814, 'C', 'dsfdsfdf', 899, 'C', 'Active'),
(1815, 'A', 'dfgfdg', 900, '0', 'Active'),
(1816, 'B', 'dsfdd', 900, 'B', 'Active'),
(1817, 'C', 'dsfdsfdf', 900, '0', 'Active'),
(1818, 'A', 'dsfdd', 901, '0', 'Active'),
(1819, 'B', 'dsfdsfdf', 901, 'B', 'Active'),
(1820, 'C', 'dsfdsfdffd', 901, '0', 'Active'),
(1821, 'A', 'dfgfdg', 902, '0', 'Active'),
(1822, 'B', 'dsfdd', 902, 'B', 'Active'),
(1823, 'C', 'dsfdsfdf', 902, '0', 'Active'),
(1824, 'A', 'dfgfdg', 903, '0', 'Active'),
(1825, 'B', 'dsfdsfdf', 903, 'B', 'Active'),
(1826, 'A', 'dsfdd', 904, 'A', 'Active'),
(1827, 'B', 'dsfdsfdffd', 904, '0', 'Active'),
(1828, 'A', 'dfgfdg', 905, '0', 'Active'),
(1829, 'B', 'dsfdsfdf', 905, 'B', 'Active'),
(1830, 'A', 'dfgfdg', 910, '0', 'Active'),
(1831, 'B', 'dsfdd', 910, 'B', 'Active'),
(1832, 'C', 'dsfdsfdf', 910, '0', 'Active'),
(1833, 'D', 'dsfdsfdf', 910, '0', 'Active'),
(1834, 'A', 'dfgfdg', 911, '0', 'Active'),
(1835, 'B', 'dsfdd', 911, 'B', 'Active'),
(1836, 'C', 'dsfdd', 911, '0', 'Active'),
(1837, 'D', 'dsfdd', 911, '0', 'Active'),
(1838, 'A', 'dsfdd', 912, '0', 'Active'),
(1839, 'B', 'dsfdsfdffd', 912, '0', 'Active'),
(1840, 'C', 'fdgfdgdf', 912, 'C', 'Active'),
(1841, 'D', 'dsfdsfdffd', 912, '0', 'Active'),
(1842, 'A', 'dsfdd', 913, '0', 'Active'),
(1843, 'B', 'dsfdsfdf', 913, '0', 'Active'),
(1844, 'C', 'dsfdsfdffd', 913, '0', 'Active'),
(1845, 'D', 'dsfdsfdffd', 913, 'D', 'Active'),
(1846, 'A', 'dfgfdg', 914, '0', 'Active'),
(1847, 'B', 'dsfdd', 914, '0', 'Active'),
(1848, 'C', 'dsfdd', 914, 'C', 'Active'),
(1849, 'D', 'dsfdd', 914, '0', 'Active'),
(1850, 'A', 'dsfdd', 915, '0', 'Active'),
(1851, 'B', 'dsfdd', 915, '0', 'Active'),
(1852, 'C', 'dsfdsfdf', 915, 'C', 'Active'),
(1853, 'D', 'dfgfdg', 915, '0', 'Active'),
(1854, 'A', 'dfgfdg', 916, '0', 'Active'),
(1855, 'B', 'dsfdd', 916, '0', 'Active'),
(1856, 'C', 'dsfdd', 916, 'C', 'Active'),
(1857, 'D', 'dsfdsfdf', 916, '0', 'Active'),
(1858, 'A', 'dsfdsfdf', 917, '0', 'Active'),
(1859, 'B', 'dsfdd', 917, '0', 'Active'),
(1860, 'C', 'dsfdd', 917, '0', 'Active'),
(1861, 'D', 'dsfdd', 917, 'D', 'Active'),
(1862, 'A', 'dfgfdg', 918, '0', 'Active'),
(1863, 'B', 'dsfdd', 918, '0', 'Active'),
(1864, 'C', 'dsfdsfdf', 918, 'C', 'Active'),
(1865, 'D', 'dsfdsfdffd', 918, '0', 'Active'),
(1866, 'A', 'dsfdd', 919, '0', 'Active'),
(1867, 'B', 'dsfdd', 919, '0', 'Active'),
(1868, 'C', 'dsfdd', 919, 'C', 'Active'),
(1869, 'D', 'dsfdd', 919, '0', 'Active'),
(1870, 'A', 'dfgfdg', 920, '0', 'Active'),
(1871, 'B', 'slfjldfjlsdfjld', 920, 'B', 'Active'),
(1872, 'C', 'mgfm.fgmf', 920, '0', 'Active'),
(1873, 'D', 'dfgfgdfg', 920, '0', 'Active'),
(1874, 'A', 'dfgfdg', 921, '0', 'Active'),
(1875, 'B', 'dfgfgdfg', 921, '0', 'Active'),
(1876, 'C', 'dfgfgdfg', 921, 'C', 'Active'),
(1877, 'D', 'dfgfgdfg', 921, '0', 'Active'),
(1878, 'A', 'dfgfdg', 922, '0', 'Active'),
(1879, 'B', 'dfgfgdfg', 922, 'B', 'Active'),
(1880, 'A', 'dfgfgdfg', 923, '0', 'Active'),
(1881, 'B', 'dfgfgdfg', 923, 'B', 'Active'),
(1882, 'A', 'dfgfdg', 924, '0', 'Active'),
(1883, 'B', 'dfgfgdfg', 924, '0', 'Active'),
(1884, 'C', 'dsfdsfdf', 924, 'C', 'Active'),
(1885, 'D', 'dsfdd', 924, '0', 'Active'),
(1886, 'A', 'dfgfdg', 925, '0', 'Active'),
(1887, 'B', 'dfgfgdfg', 925, '0', 'Active'),
(1888, 'C', 'dsfdd', 925, 'C', 'Active'),
(1889, 'D', 'dsfdd', 925, '0', 'Active'),
(1890, 'A', 'dfgfdg', 926, '0', 'Active'),
(1891, 'B', 'dfgfgdfg', 926, 'B', 'Active'),
(1892, 'A', 'dfgfgdfg', 927, '0', 'Active'),
(1893, 'B', 'dfgfgdfgLLK', 927, 'B', 'Active'),
(1894, 'A', 'dfgfdg', 928, '0', 'Active'),
(1895, 'B', 'dfgfgdfg', 928, 'B', 'Active'),
(1896, 'A', 'dfgfdg', 929, '0', 'Active'),
(1897, 'B', 'dfgfdg', 929, 'B', 'Active'),
(1898, 'A', 'dfgfdg', 930, '0', 'Active'),
(1899, 'B', 'dfgfgdfg', 930, 'B', 'Active'),
(1900, 'A', 'dfgfdg', 931, '0', 'Active'),
(1901, 'B', 'dfgfgdfg', 931, 'B', 'Active'),
(1902, 'A', 'dfgfdg', 932, '0', 'Active'),
(1903, 'B', 'dfgfgdfgLLK', 932, 'B', 'Active'),
(1904, 'A', 'dfgfdg', 933, '0', 'Active'),
(1905, 'B', 'dfgfgdfg', 933, 'B', 'Active'),
(1906, 'A', 'dfgfdg', 934, '0', 'Active'),
(1907, 'B', 'dsfdd', 934, 'B', 'Active'),
(1908, 'A', 'dfgfdg', 935, '0', 'Active'),
(1909, 'B', 'dfgfgdfgLLK', 935, 'B', 'Active'),
(1910, 'A', 'dfgfdg', 936, '0', 'Active'),
(1911, 'B', 'dfgfgdfg', 936, 'B', 'Active'),
(1912, 'A', 'dfgfdg', 937, '0', 'Active'),
(1913, 'B', 'dfgfgdfg', 937, 'B', 'Active'),
(1914, 'A', 'dfgfdg', 938, '0', 'Active'),
(1915, 'B', 'dfgfgdfg', 938, 'B', 'Active'),
(1916, 'A', 'dfgfdg', 939, '0', 'Active'),
(1917, 'B', 'dfgfgdfg', 939, 'B', 'Active'),
(1918, 'C', 'dfgfgdfg', 939, '0', 'Active'),
(1919, 'D', 'dfgfgdfgLLK', 939, '0', 'Active'),
(1920, 'A', 'dfgfdg', 940, '0', 'Active'),
(1921, 'B', 'dfgfgdfg', 940, 'B', 'Active'),
(1922, 'A', 'dsfdd', 941, '0', 'Active'),
(1923, 'B', 'dfgfgdfgLLK', 941, 'B', 'Active'),
(1924, 'A', 'dfgfdg', 942, '0', 'Active'),
(1925, 'B', 'dfgfgdfg', 942, 'B', 'Active'),
(1926, 'A', 'dfgfdg', 943, '0', 'Active'),
(1927, 'B', 'dfgfgdfg', 943, 'B', 'Active'),
(1928, 'A', 'dfgfdg', 944, '0', 'Active'),
(1929, 'B', 'dfgfgdfgLLK', 944, 'B', 'Active'),
(1930, 'A', 'dfgfgdfg', 945, 'A', 'Active'),
(1931, 'B', 'dsfdd', 945, '0', 'Active'),
(1932, 'A', 'dfgfdg', 946, '0', 'Active'),
(1933, 'B', 'dfgfgdfgLLK', 946, 'B', 'Active'),
(1934, 'A', 'dfgfgdfgLLK', 947, '0', 'Active'),
(1935, 'B', 'dfgfgdfgLLK', 947, 'B', 'Active'),
(1936, 'A', 'dfgfdg', 948, '0', 'Active'),
(1937, 'B', 'dfgfgdfgLLK', 948, 'B', 'Active'),
(1938, 'A', 'dfgfgdfg', 949, '0', 'Active'),
(1939, 'B', 'dfgfgdfgLLK', 949, 'B', 'Active'),
(1940, 'A', 'dfgfdg', 950, '0', 'Active'),
(1941, 'B', 'dfgfgdfgLLK', 950, 'B', 'Active'),
(1942, 'A', 'dfgfgdfg', 951, '0', 'Active'),
(1943, 'B', 'dfgfgdfgLLK', 951, 'B', 'Active'),
(1944, 'A', 'dfgfdg', 952, '0', 'Active'),
(1945, 'B', 'dfgfgdfg', 952, 'B', 'Active'),
(1946, 'A', 'dfgfdg', 953, '0', 'Active'),
(1947, 'B', 'dfgfgdfg', 953, 'B', 'Active'),
(1948, 'A', 'dfgfdg', 954, '0', 'Active'),
(1949, 'B', 'dfgfgdfg', 954, 'B', 'Active'),
(1950, 'A', 'dfgfdg', 955, '0', 'Active'),
(1951, 'B', 'dfgfgdfg', 955, 'B', 'Active'),
(1952, 'A', 'dfgfgdfg', 956, '0', 'Active'),
(1953, 'B', 'dfgfgdfgLLK', 956, 'B', 'Active'),
(1954, 'A', 'dfgfgdfg', 959, '0', 'Active'),
(1955, 'B', 'dfgfgd\'fg', 959, 'B', 'Active'),
(1956, 'A', 'dfgfdg', 960, 'A', 'Active'),
(1957, 'B', 'dfgfgd\'fg', 960, '0', 'Active'),
(1958, 'A', 'dfgfdg', 963, '0', 'Active'),
(1959, 'B', 'dfgfg\'dfg', 963, 'B', 'Active'),
(1960, 'A', 'dfgfdgsdfdsf sdf', 971, '0', 'Active'),
(1961, 'B', 'dfgfgdfg dfd', 971, 'B', 'Active'),
(1962, 'A', 'dfgfgdfg', 972, 'A', 'Active'),
(1963, 'B', 'dfgfg\'dfg', 972, '0', 'Active'),
(1964, 'A', 'dfgfdg', 973, '0', 'Active'),
(1965, 'B', 'dfgfg\'dfg', 973, 'B', 'Active'),
(1966, 'A', 'dfgfdg', 974, '0', 'Active'),
(1967, 'B', 'dfgfgdfg', 974, 'B', 'Active'),
(1968, 'A', 'dfgfdg dffdf', 975, '0', 'Active'),
(1969, 'B', 'dfgfgdfgdsfds', 975, 'B', 'Active');

-- --------------------------------------------------------

--
-- Table structure for table `course`
--

CREATE TABLE `course` (
  `course_id` int(11) NOT NULL,
  `course_name` varchar(50) NOT NULL,
  `program_id` int(50) NOT NULL,
  `status` varchar(50) NOT NULL
) ENGINE=InnoDB DEFAULT CHARSET=latin1;

--
-- Dumping data for table `course`
--

INSERT INTO `course` (`course_id`, `course_name`, `program_id`, `status`) VALUES
(26, 'Biology', 13, 'Active'),
(27, 'Theory of Autometa', 13, 'Active'),
(28, 'Word Press', 13, 'Active'),
(29, 'Operating System', 13, 'Active'),
(30, 'Introduction To Database', 13, 'Active'),
(31, 'Design And Algorithm', 13, 'Active'),
(32, 'Differantial Equations', 13, 'Active'),
(33, 'Comunication Skills', 13, 'Active'),
(34, 'Functional English', 13, 'Active');

-- --------------------------------------------------------

--
-- Table structure for table `date_sheet`
--

CREATE TABLE `date_sheet` (
  `schedule_id` int(11) NOT NULL,
  `schedule` varchar(11) NOT NULL,
  `date` date NOT NULL,
  `time` time(2) NOT NULL,
  `q_paper_id` varchar(11) NOT NULL,
  `status` varchar(50) NOT NULL
) ENGINE=InnoDB DEFAULT CHARSET=latin1;

--
-- Dumping data for table `date_sheet`
--

INSERT INTO `date_sheet` (`schedule_id`, `schedule`, `date`, `time`, `q_paper_id`, `status`) VALUES
(8, 'Morning', '2018-08-06', '14:30:00.00', '9', 'Active'),
(10, 'Evening', '2018-08-17', '15:30:00.00', '8', 'Active'),
(11, 'Morning', '2018-08-08', '05:58:00.00', '7', 'Active');

-- --------------------------------------------------------

--
-- Table structure for table `fb`
--

CREATE TABLE `fb` (
  `fb_id` int(11) NOT NULL,
  `t_marks_fb` float NOT NULL,
  `quan_fb` int(11) NOT NULL,
  `each_fb` float NOT NULL,
  `q_p_formate_id` int(11) NOT NULL
) ENGINE=InnoDB DEFAULT CHARSET=latin1;

--
-- Dumping data for table `fb`
--

INSERT INTO `fb` (`fb_id`, `t_marks_fb`, `quan_fb`, `each_fb`, `q_p_formate_id`) VALUES
(89, 20, 20, 1, 246),
(90, 2, 2, 1, 248),
(91, 2, 2, 1, 250),
(92, 3, 3, 1, 251),
(93, 50, 50, 1, 256),
(94, 15, 15, 1, 257),
(95, 1, 1, 1, 258),
(96, 3, 3, 1, 260),
(97, 50, 50, 1, 261),
(98, 1, 1, 1, 262),
(99, 20, 20, 1, 0),
(100, 20, 20, 1, 265),
(101, 3, 3, 1, 267),
(102, 1, 1, 1, 269),
(103, 2, 2, 1, 273),
(104, 2, 2, 1, 277),
(105, 2, 2, 1, 278),
(106, 2, 1, 2, 289),
(107, 1, 1, 1, 290),
(108, 1, 1, 1, 295),
(109, 1, 1, 1, 301),
(110, 1, 1, 1, 302),
(111, 1, 1, 1, 303),
(112, 1, 1, 1, 304),
(113, 1, 1, 1, 305),
(114, 1, 1, 1, 306),
(115, 1, 1, 1, 307),
(116, 1, 1, 1, 308),
(117, 1, 1, 1, 309),
(118, 1, 1, 1, 310),
(119, 1, 1, 1, 311),
(120, 1, 1, 1, 312),
(121, 1, 1, 1, 313),
(122, 1, 1, 1, 314),
(123, 1, 1, 1, 315),
(124, 2, 2, 1, 316),
(125, 2, 2, 1, 317),
(126, 1, 1, 1, 318),
(127, 1, 1, 1, 319),
(128, 1, 1, 1, 320),
(129, 1, 1, 1, 321),
(130, 1, 1, 1, 322),
(131, 2, 2, 1, 323),
(132, 1, 1, 1, 324),
(133, 1, 1, 1, 325),
(134, 1, 1, 1, 326),
(135, 1, 1, 1, 327),
(136, 1, 1, 1, 328),
(137, 1, 1, 1, 329),
(138, 1, 1, 1, 330),
(139, 1, 1, 1, 331),
(140, 1, 1, 1, 332),
(141, 1, 1, 1, 333),
(142, 1, 1, 1, 334),
(143, 1, 1, 1, 335),
(144, 2, 2, 1, 337),
(145, 1, 1, 1, 338),
(146, 1, 1, 1, 340),
(147, 2, 2, 1, 341),
(148, 1, 1, 1, 346),
(149, 1, 1, 1, 352),
(150, 2, 2, 1, 353),
(151, 1, 1, 1, 354),
(152, 1, 1, 1, 355),
(153, 1, 1, 1, 357),
(154, 1, 1, 1, 359),
(155, 2, 2, 1, 362),
(156, 2, 2, 1, 370),
(157, 2, 1, 2, 379),
(158, 1, 1, 1, 381),
(159, 1, 1, 1, 383),
(160, 1, 1, 1, 384),
(161, 1, 1, 1, 386),
(162, 5, 5, 1, 388),
(163, 1, 1, 1, 390),
(164, 1, 1, 1, 391),
(165, 1, 1, 1, 395),
(166, 1, 1, 1, 397),
(167, 1, 1, 1, 398),
(168, 1, 1, 1, 399),
(169, 1, 1, 1, 400),
(170, 1, 1, 1, 401),
(171, 1, 1, 1, 402),
(172, 1, 1, 1, 403),
(173, 1, 1, 1, 404),
(174, 1, 1, 1, 405),
(175, 1, 1, 1, 407),
(176, 1, 1, 1, 408),
(177, 1, 1, 1, 412),
(178, 1, 1, 1, 413),
(179, 1, 1, 1, 414),
(180, 1, 1, 1, 415),
(181, 2, 2, 1, 416),
(182, 1, 1, 1, 417),
(183, 1, 1, 1, 418),
(184, 1, 1, 1, 426),
(185, 2, 2, 1, 436),
(186, 1, 1, 1, 438),
(187, 1, 1, 1, 439),
(188, 1, 1, 1, 444),
(189, 1, 1, 1, 446),
(190, 1, 1, 1, 448),
(191, 1, 1, 1, 453),
(192, 2, 2, 1, 454),
(193, 1, 1, 1, 455),
(194, 1, 1, 1, 456),
(195, 1, 1, 1, 457),
(196, 1, 1, 1, 458),
(197, 1, 1, 1, 459),
(198, 1, 1, 1, 460),
(199, 1, 1, 1, 461),
(200, 1, 1, 1, 463),
(201, 1, 1, 1, 474),
(202, 1, 1, 1, 475),
(203, 1, 1, 1, 476),
(204, 1, 1, 1, 477),
(205, 1, 1, 1, 478),
(206, 1, 1, 1, 479),
(207, 1, 1, 1, 486),
(208, 1, 1, 1, 487),
(209, 1, 1, 1, 490),
(210, 1, 1, 1, 492),
(211, 1, 1, 1, 496),
(212, 1, 1, 1, 497),
(213, 1, 1, 1, 507),
(214, 1, 1, 1, 508),
(215, 1, 1, 1, 509),
(216, 1, 1, 1, 511),
(217, 1, 1, 1, 512),
(218, 1, 1, 1, 513),
(219, 1, 1, 1, 514),
(220, 1, 1, 1, 515),
(221, 1, 1, 1, 516),
(222, 1, 1, 1, 517),
(223, 1, 1, 1, 518),
(224, 1, 1, 1, 519),
(225, 1, 1, 1, 520),
(226, 2, 2, 1, 523),
(227, 2, 2, 1, 524),
(228, 2, 2, 1, 525),
(229, 2, 2, 1, 531),
(230, 1, 1, 1, 533),
(231, 2, 2, 1, 534),
(232, 2, 2, 1, 536),
(233, 1, 1, 1, 537),
(234, 1, 1, 1, 538),
(235, 1, 1, 1, 540),
(236, 1, 1, 1, 542),
(237, 1, 1, 1, 543),
(238, 1, 1, 1, 545),
(239, 2, 2, 1, 547),
(240, 2, 2, 1, 548),
(241, 2, 2, 1, 550),
(242, 2, 2, 1, 554),
(243, 2, 4, 0.5, 557),
(244, 2, 4, 0.5, 559),
(245, 2, 4, 0.5, 560),
(246, 2, 4, 0.5, 562),
(247, 2, 4, 0.5, 563),
(248, 2, 2, 1, 565),
(249, 3, 3, 1, 569),
(250, 5, 5, 1, 570),
(251, 5, 5, 1, 571),
(252, 5, 5, 1, 574),
(253, 3, 3, 1, 575),
(254, 3, 3, 1, 577),
(255, 3, 3, 1, 578),
(256, 2, 2, 1, 582),
(257, 2, 2, 1, 584),
(258, 2, 2, 1, 585),
(259, 2, 2, 1, 587),
(260, 1, 1, 1, 589),
(261, 2, 2, 1, 590),
(262, 2, 2, 1, 591),
(263, 1, 1, 1, 592),
(264, 1, 1, 1, 593),
(265, 1, 1, 1, 594),
(266, 1, 1, 1, 595),
(267, 1, 1, 1, 596),
(268, 1, 1, 1, 597),
(269, 1, 1, 1, 598),
(270, 1, 1, 1, 599),
(271, 1, 1, 1, 600),
(272, 1, 1, 1, 601),
(273, 2, 2, 1, 603),
(274, 2, 2, 1, 605),
(275, 2, 2, 1, 607),
(276, 2, 2, 1, 609),
(277, 1, 1, 1, 611),
(278, 1, 1, 1, 612),
(279, 1, 1, 1, 613),
(280, 1, 1, 1, 614),
(281, 2, 2, 1, 618),
(282, 1, 1, 1, 621),
(283, 1, 1, 1, 623),
(284, 1, 1, 1, 624),
(285, 1, 1, 1, 625);

-- --------------------------------------------------------

--
-- Table structure for table `fb_answers`
--

CREATE TABLE `fb_answers` (
  `ans_id` int(11) NOT NULL,
  `option_name` varchar(500) NOT NULL,
  `ans` varchar(500) NOT NULL,
  `question_id` int(11) NOT NULL,
  `correct_ans` varchar(500) NOT NULL,
  `status` varchar(500) NOT NULL
) ENGINE=InnoDB DEFAULT CHARSET=latin1;

--
-- Dumping data for table `fb_answers`
--

INSERT INTO `fb_answers` (`ans_id`, `option_name`, `ans`, `question_id`, `correct_ans`, `status`) VALUES
(184, 'A', 'SARKAAR KI AMAD', 253, 'A', 'Active'),
(185, 'A', 'kashif ali', 254, 'A', 'Active'),
(186, 'A', 'kashif ali', 255, 'A', 'Active'),
(187, 'A', 'Kashif Ali', 256, 'Yes', 'Active'),
(188, 'A', 'Fresh water', 257, 'Yes', 'Active'),
(189, 'A', 'kashif ali', 258, 'A', 'Active'),
(190, 'A', 'lkjdflsd', 259, 'A', 'Active'),
(191, 'A', 'Ustaad Sahb Kiya Haal Hen', 260, 'A', 'Active'),
(192, 'A', 'kashif ali', 261, 'A', 'Active'),
(193, 'A', 'Sr aslam', 262, 'A', 'Active'),
(194, 'A', 'sdfdsfdsfdf', 263, 'A', 'Active'),
(195, 'A', 'kashif ali', 264, 'A', 'Active'),
(196, 'A', 'kashif ali', 265, 'A', 'Active'),
(197, 'A', 'Kashif Ali', 266, 'A', 'Active'),
(198, 'A', 'Sr aslam', 267, 'A', 'Active'),
(199, 'A', 'Kashif Ali', 268, 'A', 'Active'),
(200, 'A', 'Sr aslam', 269, 'A', 'Active'),
(201, 'A', 'sdfdsf', 270, 'A', 'Active'),
(202, 'A', 'Fresh water', 272, 'Yes', 'Active'),
(203, 'A', 'Fresh water', 273, 'Yes', 'Active'),
(204, 'A', 'Kashif Ali', 274, 'Yes', 'Active'),
(205, 'A', 'kashif ali', 275, 'A', 'Active'),
(206, 'A', 'Fresh water', 276, 'Yes', 'Active'),
(207, 'A', 'Kashif Ali', 277, 'Yes', 'Active'),
(208, 'A', 'Fresh water', 278, 'Yes', 'Active'),
(209, 'A', 'Fresh water', 279, 'Yes', 'Active'),
(210, 'A', 'lkjdflsd', 280, 'A', 'Active'),
(211, 'A', 'Kashif Ali', 281, 'A', 'Active'),
(212, 'A', 'lkjdflsd', 283, 'A', 'Active'),
(213, 'A', 'Kashif Ali', 284, 'A', 'Active'),
(214, 'A', 'lkjdflsd', 285, 'A', 'Active'),
(215, 'A', 'lkjdflsd', 286, 'A', 'Active'),
(216, 'A', 'Kashif Ali', 287, 'A', 'Active'),
(217, 'A', 'lkjdflsd', 288, 'A', 'Active'),
(218, 'A', 'lkjdflsd', 289, 'A', 'Active'),
(219, 'A', 'kashif ali', 291, 'A', 'Active'),
(220, 'A', 'kashif ali', 293, 'A', 'Active'),
(221, 'A', 'lkjdflsd', 294, 'A', 'Active'),
(222, 'A', 'lkjdflsd', 295, 'A', 'Active'),
(223, 'A', 'lkjdflsd', 296, 'A', 'Active'),
(224, 'A', 'lkjdflsd', 297, 'A', 'Active'),
(225, 'A', 'kashif ali', 298, 'A', 'Active'),
(226, 'A', 'abc', 299, 'A', 'Active'),
(227, 'A', 'xyz', 300, 'A', 'Active'),
(228, 'A', 'Kashif Ali', 301, 'A', 'Active'),
(229, 'A', 'lkjdflsd', 302, 'A', 'Active'),
(230, 'A', 'Sr aslam', 304, 'A', 'Active'),
(231, 'A', 'Kashif Ali', 305, 'A', 'Active'),
(232, 'A', 'lkjdflsd', 306, 'A', 'Active'),
(233, 'A', 'lkjdflsd', 307, 'A', 'Active'),
(234, 'A', 'lkjdflsd', 308, 'A', 'Active'),
(235, 'A', 'Kashif Ali', 309, 'A', 'Active'),
(236, 'A', 'Sr aslam', 310, 'A', 'Active'),
(237, 'A', 'lkjdflsd', 313, 'A', 'Active'),
(238, 'A', 'Kashif Ali', 314, 'A', 'Active'),
(239, 'A', 'lkjdflsd', 315, 'A', 'Active'),
(240, 'A', 'Sr aslam', 316, 'A', 'Active'),
(241, 'A', 'Kashif Ali', 317, 'A', 'Active'),
(242, 'A', 'lkjdflsd', 318, 'A', 'Active'),
(243, 'A', 'kashif ali', 319, 'A', 'Active'),
(244, 'A', 'lkjdflsd', 320, 'A', 'Active'),
(245, 'A', 'lkjdflsd', 321, 'A', 'Active'),
(246, 'A', 'lkjdflsd', 322, 'A', 'Active'),
(247, 'A', 'Kashif Ali', 323, 'A', 'Active'),
(248, 'A', 'Kashif Ali', 324, 'A', 'Active'),
(249, 'A', 'Kashif Ali', 325, 'A', 'Active'),
(250, 'A', 'lkjdflsd', 327, 'A', 'Active'),
(251, 'A', 'kashif ali', 328, 'A', 'Active'),
(252, 'A', 'lkjdflsd', 329, 'A', 'Active'),
(253, 'A', 'Kashif Ali', 330, 'A', 'Active'),
(254, 'A', 'lkjdflsd', 331, 'A', 'Active'),
(255, 'A', 'Kashif ali', 332, 'A', 'Active'),
(256, 'A', 'kashif ali', 333, 'A', 'Active'),
(257, 'A', 'kashif ali', 335, 'A', 'Active'),
(258, 'A', 'Kashif Ali', 336, 'A', 'Active'),
(259, 'A', 'kashif ali', 337, 'A', 'Active'),
(260, 'A', 'Kashif Ali', 338, 'A', 'Active'),
(261, 'A', 'kashif ali', 339, 'A', 'Active'),
(262, 'A', 'Kashif Ali', 340, 'A', 'Active'),
(263, 'A', 'lkjdflsd', 342, 'A', 'Active'),
(264, 'A', 'Kashif Ali', 343, 'A', 'Active'),
(265, 'A', 'lkjdflsd', 344, 'A', 'Active'),
(266, 'A', 'lkjdflsd', 345, 'A', 'Active'),
(267, 'A', 'lkjdflsd', 346, 'A', 'Active'),
(268, 'A', 'Kashif Ali', 347, 'A', 'Active'),
(269, 'A', 'Kashif Ali', 348, 'A', 'Active'),
(270, 'A', 'lkjdflsd', 349, 'A', 'Active'),
(271, 'A', 'kashif ali', 350, 'A', 'Active'),
(272, 'A', 'Kashif Ali', 351, 'A', 'Active'),
(273, 'A', 'kashif ali', 352, 'A', 'Active'),
(274, 'A', 'Kashif Ali', 353, 'A', 'Active'),
(275, 'A', 'lkjdflsd', 354, 'A', 'Active'),
(276, 'A', 'Sr aslam', 355, 'A', 'Active'),
(277, 'A', 'kashif ali', 356, 'A', 'Active'),
(278, 'A', 'Sr aslam', 357, 'A', 'Active'),
(279, 'A', 'lkjdflsd', 358, 'A', 'Active'),
(280, 'A', 'Kashif Ali', 359, 'A', 'Active'),
(281, 'A', 'dcfdsf', 360, 'A', 'Active'),
(282, 'A', 'fdfdf', 361, 'A', 'Active'),
(283, 'A', 'kashif ali', 362, 'A', 'Active'),
(284, 'A', 'Sr aslam', 363, 'A', 'Active'),
(285, 'A', 'Kashif Ali', 364, 'A', 'Active'),
(286, 'A', 'Kashif ali', 365, 'A', 'Active'),
(287, 'A', 'kashif ali', 366, 'A', 'Active'),
(288, 'A', 'lkjdflsd', 367, 'A', 'Active'),
(289, 'A', 'Kashif ali', 368, 'A', 'Active'),
(290, 'A', 'Sr aslam', 369, 'A', 'Active'),
(291, 'A', 'kashif ali', 370, 'A', 'Active'),
(292, 'A', 'Kashif Ali', 371, 'A', 'Active'),
(293, 'A', 'rdsfgdfds', 372, 'A', 'Active'),
(294, 'A', 'sdfsdf', 373, 'A', 'Active'),
(295, 'A', 'lkjdflsd', 374, 'A', 'Active'),
(296, 'A', 'Kashif Ali', 375, 'A', 'Active'),
(297, 'A', 'Kashif ali', 376, 'A', 'Active'),
(298, 'A', 'Sr aslam', 377, 'A', 'Active'),
(299, 'A', 'kashif ali', 378, 'A', 'Active'),
(300, 'A', 'Kashif Ali', 379, 'A', 'Active'),
(301, 'A', 'dfgfdg', 383, 'A', 'Active'),
(302, 'A', 'dsfdd', 384, 'A', 'Active'),
(303, 'A', 'dsfdd', 385, 'A', 'Active'),
(304, 'A', 'dsfdsfdffd', 386, 'A', 'Active'),
(305, 'A', 'sdfdfd', 387, 'A', 'Active'),
(306, 'A', 'dfgfdg', 388, 'A', 'Active'),
(307, 'A', 'dsfdd', 389, 'A', 'Active'),
(308, 'A', 'dsfdsfdf', 390, 'A', 'Active'),
(309, 'A', 'dsfdsfdffd', 391, 'A', 'Active'),
(310, 'A', 'dsfdsfdffd', 392, 'A', 'Active'),
(311, 'A', 'dfgfdg', 393, 'A', 'Active'),
(312, 'A', 'dsfdd', 394, 'A', 'Active'),
(313, 'A', 'dsfdd', 395, 'A', 'Active'),
(314, 'A', 'dfgfdg', 399, 'A', 'Active'),
(315, 'A', 'dsfdd', 400, 'A', 'Active'),
(316, 'A', 'dfgfdg', 401, 'A', 'Active'),
(317, 'A', 'dfgfdg', 402, 'A', 'Active'),
(318, 'A', 'dsfdd', 403, 'A', 'Active'),
(319, 'A', 'dfgfdg', 404, 'A', 'Active'),
(320, 'A', 'dsfdd', 405, 'A', 'Active'),
(321, 'A', 'dfgfgdfg', 406, 'A', 'Active'),
(322, 'A', 'dsfdd', 407, 'A', 'Active'),
(323, 'A', 'dfgfdg', 408, 'A', 'Active'),
(324, 'A', 'dsfdd', 409, 'A', 'Active'),
(325, 'A', 'dfgfdg', 410, 'A', 'Active'),
(326, 'A', 'dfgfdg', 411, 'A', 'Active'),
(327, 'A', 'dfgfgdfg', 412, 'A', 'Active'),
(328, 'A', 'dfgfdg', 413, 'A', 'Active'),
(329, 'A', 'dfgfgdfg', 414, 'A', 'Active'),
(330, 'A', 'dfgfdg', 415, 'A', 'Active'),
(331, 'A', 'dfgfdg', 416, 'A', 'Active'),
(332, 'A', 'dfgfgdfg', 417, 'A', 'Active'),
(333, 'A', 'dfgfgdfg', 418, 'A', 'Active'),
(334, 'A', 'dfgfdg', 419, 'A', 'Active'),
(335, 'A', 'dfgfgdfgLLK', 420, 'A', 'Active'),
(336, 'A', 'dsfdd', 421, 'A', 'Active'),
(337, 'A', 'dsfdd', 422, 'A', 'Active'),
(338, 'A', 'dfgfdg', 423, 'A', 'Active'),
(339, 'A', 'dsfdsfdf', 424, 'A', 'Active'),
(340, 'A', 'dfgfdg', 425, 'A', 'Active'),
(341, 'A', 'dsfdsfdf', 426, 'A', 'Active'),
(342, 'A', 'dfgfdg', 427, 'A', 'Active'),
(343, 'A', 'dsfdd', 428, 'A', 'Active'),
(344, 'A', 'dfgfgdfg', 429, 'A', 'Active'),
(345, 'A', 'dfgfgdfgLLK', 430, 'A', 'Active'),
(346, 'A', 'dfgfgdfgLLK', 431, 'A', 'Active'),
(347, 'A', 'dfgfgdfg', 432, 'A', 'Active'),
(348, 'A', 'dsfdd', 433, 'A', 'Active'),
(349, 'A', 'dsfdd', 434, 'A', 'Active'),
(350, 'A', 'kashif ali', 435, 'A', 'Active'),
(351, 'A', 'kashif ali', 436, 'A', 'Active'),
(352, 'A', 'dfgfgdf\'g', 437, 'A', 'Active');

-- --------------------------------------------------------

--
-- Table structure for table `fb_questions`
--

CREATE TABLE `fb_questions` (
  `question_id` int(11) NOT NULL,
  `question` varchar(500) NOT NULL,
  `q_paper_id` int(11) NOT NULL,
  `status` varchar(500) NOT NULL
) ENGINE=InnoDB DEFAULT CHARSET=latin1;

--
-- Dumping data for table `fb_questions`
--

INSERT INTO `fb_questions` (`question_id`, `question`, `q_paper_id`, `status`) VALUES
(106, 'This is my______________', 100, 'Active'),
(107, 'This is an apple of ___________________', 100, 'Active'),
(108, 'There are many grapes in_____________________', 100, 'Active'),
(109, 'There are ____________ types of economics.', 100, 'Active'),
(110, 'My sister insisted___________________________________coming with us.', 115, 'Active'),
(111, 'This is my______________', 115, 'Active'),
(112, 'This is _________ an apple.', 115, 'Active'),
(113, 'My sister insisted___________________________________coming with us.', 129, 'Active'),
(114, 'National income is:-', 129, 'Active'),
(115, 'What is your name?', 129, 'Active'),
(116, 'What is CEO of Comptech 4 All?', 129, 'Active'),
(117, 'What is micro economics?', 129, 'Active'),
(118, 'My sister insisted___________________________________coming with us.', 130, 'Active'),
(119, 'What is micro economics?', 130, 'Active'),
(120, 'What is CEO of Comptech 4 All?', 130, 'Active'),
(121, 'My sister insisted___________________________________coming with us.', 133, 'Active'),
(122, 'What is your name?', 133, 'Active'),
(123, 'What is micro economics?', 133, 'Active'),
(124, 'What is CEO of Comptech 4 All?', 133, 'Active'),
(125, 'What is your name?', 137, 'Active'),
(126, 'National income is:-', 137, 'Active'),
(127, 'A statement that is executed when a particular condition is true and ignored otherwise is called _______________ statement.', 138, 'Active'),
(128, 'The statements that are executed in the same order in which they are written are called ________________ .', 138, 'Active'),
(129, 'A ________________ is a group of statements enclosed in braces.', 138, 'Active'),
(130, 'A ________________ is pictorial representation of a program.', 138, 'Active'),
(131, '________________ refers to a structure with one if statement inside another if statement.', 138, 'Active'),
(132, 'What is micro economics?', 155, 'Active'),
(133, 'What is CEO of Comptech 4 All?', 162, 'Active'),
(134, 'What is CEO of Comptech 4 All?', 163, 'Active'),
(135, 'What is your name?', 164, 'Active'),
(136, 'My sister insisted___________________________________coming with us.', 165, 'Active'),
(137, 'What is CEO of Comptech 4 All?', 167, 'Active'),
(138, 'My sister insisted___________________________________coming with us.', 168, 'Active'),
(139, 'My sister insisted___________________________________coming with us.', 170, 'Active'),
(140, 'My sister insisted___________________________________coming with us.', 172, 'Active'),
(141, 'What is your name?', 173, 'Active'),
(142, 'What is CEO of Comptech 4 All?', 174, 'Active'),
(143, 'My sister insisted___________________________________coming with us.', 175, 'Active'),
(144, 'What is micro economics?', 178, 'Active'),
(145, 'What is micro economics?', 181, 'Active'),
(146, 'My sister insisted___________________________________coming with us.', 185, 'Active'),
(147, 'My sister insisted___________________________________coming with us.', 186, 'Active'),
(148, 'My sister insisted___________________________________coming with us.', 188, 'Active'),
(149, 'What is CEO of Comptech 4 All?', 189, 'Active'),
(150, 'My sister insisted___________________________________coming with us.', 193, 'Active'),
(151, 'My sister insisted___________________________________coming with us.', 195, 'Active'),
(152, 'My sister insisted___________________________________coming with us.', 196, 'Active'),
(153, 'My sister insisted___________________________________coming with us.', 203, 'Active'),
(154, 'My sister insisted _______________ coming with us.', 206, 'Active'),
(155, 'Hamilton O Smith isolatedthe _______________ first restriction enzyme in:-', 206, 'Active'),
(156, 'The study of succession _______________ on a dry.', 206, 'Active'),
(157, 'Felis bengalensis is the Zoological name of _______________ .', 206, 'Active'),
(158, 'The membrane that _______________ is called.', 206, 'Active'),
(159, 'What is micro economics?', 207, 'Active'),
(160, 'What is your name?', 207, 'Active'),
(161, 'My sister insisted___________________________________coming with us.', 208, 'Active'),
(162, 'What is micro _______________ economics?', 209, 'Active'),
(163, 'What is  _______________  name?', 209, 'Active'),
(164, 'National income is  _______________ .', 209, 'Active'),
(165, 'What  _______________  name?', 209, 'Active'),
(166, 'What is  _______________  economics?', 209, 'Active'),
(167, 'What is micro economics?', 214, 'Active'),
(168, 'My sister insisted___________________________________coming with us.', 220, 'Active'),
(169, 'My sister insisted___________________________________coming with us.', 221, 'Active'),
(170, 'My sister insisted___________________________________coming with us.', 222, 'Active'),
(171, 'My sister insisted___________________________________coming with us.', 224, 'Active'),
(172, 'My sister insisted___________________________________coming with us.', 226, 'Active'),
(173, 'What is micro economics?', 227, 'Active'),
(174, 'My sister insisted___________________________________coming with us.', 228, 'Active'),
(175, 'My sister insisted___________________________________coming with us.', 229, 'Active'),
(176, 'My sister insisted _______________ coming with us.', 232, 'Active'),
(177, 'This is book is _______________ the table.', 232, 'Active'),
(178, 'What is your name?', 237, 'Active'),
(179, 'What is CEO of Comptech 4 All?', 237, 'Active'),
(180, 'What is micro economics?', 238, 'Active'),
(181, 'What is micro economics?', 238, 'Active'),
(182, 'My sister insisted___________________________________coming with us.', 239, 'Active'),
(183, 'My sister insisted___________________________________coming with us.', 240, 'Active'),
(184, 'What is__________________  micro economics?', 246, 'Active'),
(185, 'National __________________ income is:-', 246, 'Active'),
(186, 'My sister insisted__________________coming with us.', 246, 'Active'),
(187, 'What is micro__________________  economics?', 246, 'Active'),
(188, 'What is your __________________ name?', 246, 'Active'),
(189, 'My sister insisted_______________coming with us.', 262, 'Active'),
(190, 'This book is ______________ the table.', 262, 'Active'),
(191, 'What is micro economics?', 268, 'Active'),
(192, 'What is your name?', 268, 'Active'),
(193, 'What is micro economics?', 269, 'Active'),
(194, 'What is your name?', 269, 'Active'),
(195, 'What is your name?', 278, 'Active'),
(196, 'What is CEO of Comptech 4 All?', 278, 'Active'),
(197, 'What is your name?', 281, 'Active'),
(198, 'What is micro economics?', 281, 'Active'),
(199, 'What is micro economics?', 282, 'Active'),
(200, 'What is CEO of Comptech 4 All?', 282, 'Active'),
(201, 'What is micro_______________ economics?', 283, 'Active'),
(202, 'What is CEO of _________________ Comptech 4 All?', 283, 'Active'),
(203, 'What is your name?', 284, 'Active'),
(204, 'What is your name?', 292, 'Active'),
(205, 'Font is gauged by a measurement system called_______________.', 291, 'Active'),
(206, '_______________ is copyrighted software that is free fall a limited time period.', 291, 'Active'),
(207, 'The category of software is used to access the Internet is called_______________softwre.', 291, 'Active'),
(208, '_______________ software enables professional designers to design and produce sophisticated documents that contain text, graphics, and brilliant colors:', 291, 'Active'),
(209, '_______________ is a software provided for use, modification and redistribution.', 291, 'Active'),
(210, 'What is your name?', 366, 'Active'),
(211, 'What is micro economics?', 370, 'Active'),
(212, 'What is CEO of Comptech 4 All?', 370, 'Active'),
(213, 'What is your name?', 374, 'Active'),
(214, 'What is CEO of Comptech 4 All?', 374, 'Active'),
(215, 'What is your name?', 376, 'Active'),
(216, 'What is CEO of Comptech 4 All?', 376, 'Active'),
(217, 'What is your name?', 387, 'Active'),
(218, 'What is your name?', 388, 'Active'),
(219, 'What is CEO of Comptech 4 All?', 396, 'Active'),
(220, 'What is your name?', 402, 'Active'),
(222, 'What is your name?', 404, 'Active'),
(223, 'What is your name?', 406, 'Active'),
(224, 'My sister insisted________________coming with us.', 407, 'Active'),
(225, 'What is your name?', 409, 'Active'),
(226, 'What is your name?', 411, 'Active'),
(227, 'What is micro economics?', 413, 'Active'),
(228, 'What is micro economics?', 414, 'Active'),
(229, 'What is your name?', 415, 'Active'),
(230, 'What is your name?', 416, 'Active'),
(231, 'What is your name?', 418, 'Active'),
(232, 'What is CEO of Comptech 4 All?', 418, 'Active'),
(233, 'What is micro economics?', 420, 'Active'),
(234, 'What is micro economics?', 422, 'Active'),
(235, 'What is CEO of Comptech 4 All?', 425, 'Active'),
(236, 'What is your name?', 426, 'Active'),
(237, 'What is CEO of Comptech 4 All?', 427, 'Active'),
(238, 'What is your name?', 429, 'Active'),
(239, 'My sister insisted_____________________coming with us.', 430, 'Active'),
(240, 'What is your name?', 431, 'Active'),
(241, 'National income is:-', 432, 'Active'),
(242, 'My sister insisted___________________________________coming with us.', 434, 'Active'),
(243, 'What is your name?', 435, 'Active'),
(244, 'My sister insisted_____________________________efref3e3rtr3', 436, 'Active'),
(245, 'What is your name?', 438, 'Active'),
(246, 'What is CEO of Comptech 4 All?', 438, 'Active'),
(247, 'My sister insisted_______________coming with us.dsfdsfdsfdsfsffds', 439, 'Active'),
(248, 'What is your name?', 442, 'Active'),
(249, 'What is CEO of Comptech 4 All?', 442, 'Active'),
(250, 'My sister insisted___________________________________coming with us.', 447, 'Active'),
(251, 'What is your name?', 453, 'Active'),
(252, 'My sister insisted________kjljlcoming with us.', 455, 'Active'),
(253, 'This Book is _________________ the table', 456, 'Active'),
(254, 'My sister insisted_______________coming with us.', 458, 'Active'),
(255, 'What is your name?', 460, 'Active'),
(256, 'What is micro economics?', 463, 'Active'),
(257, 'My sister insisted___________________________________coming with us.', 463, 'Active'),
(258, 'What is micro economics?', 471, 'Active'),
(259, 'What is CEO of Comptech 4 All?', 471, 'Active'),
(260, 'My sister insisted___________________coming with us.', 480, 'Active'),
(261, 'What is micro economics?', 482, 'Active'),
(262, 'What is your name?', 484, 'Active'),
(263, 'slkjfdljfldsjfd', 485, 'Active'),
(264, 'What is micro economics?', 487, 'Active'),
(265, 'What is micro economics?', 489, 'Active'),
(266, 'What is your name?', 489, 'Active'),
(267, 'What is CEO of Comptech 4 All?', 489, 'Active'),
(268, 'National income is:-', 489, 'Active'),
(269, 'What is micro economics?', 489, 'Active'),
(270, 'What is___________________________ your name?', 491, 'Active'),
(271, 'What is your name?', 493, 'Active'),
(272, 'What is CEO of Comptech 4 All?', 502, 'Active'),
(273, 'My sister insisted___________________________________coming with us.', 504, 'Active'),
(274, 'My sister insisted___________coming with us.', 506, 'Active'),
(275, 'lkjsdfljsdf _____________ sdfljdl  ', 507, 'Active'),
(276, 'My sister insisted_____________coming with us.', 508, 'Active'),
(277, 'National income is:-', 509, 'Active'),
(278, 'My sister insisted________________coming with us.', 510, 'Active'),
(279, 'This book is __________ the table. ?', 511, 'Active'),
(280, 'My sister insisted_________________coming with us.', 514, 'Active'),
(281, 'My sister insisted______________coming with us.', 515, 'Active'),
(282, 'What is CEO of Comptech 4 All?', 519, 'Active'),
(283, 'My sister insisted_____coming with us.', 520, 'Active'),
(284, 'What is CEO of Comptech 4 All?', 521, 'Active'),
(285, 'What is CEO of Comptech 4 All?', 522, 'Active'),
(286, 'What is your name?', 523, 'Active'),
(287, 'What is CEO of Comptech 4 All?', 523, 'Active'),
(288, 'What is your name?', 524, 'Active'),
(289, 'What is CEO of Comptech 4 All?', 525, 'Active'),
(290, 'My sister insisted___________________________________coming with us.', 533, 'Active'),
(291, 'What is micro economics?', 543, 'Active'),
(292, 'What is your name?', 543, 'Active'),
(293, 'What is micro economics?', 545, 'Active'),
(294, 'What is your name?', 546, 'Active'),
(295, 'What is your name?', 551, 'Active'),
(296, 'What is CEO of Comptech 4 All?', 553, 'Active'),
(297, 'What is CEO of Comptech 4 All?', 555, 'Active'),
(298, 'What is CEO of Comptech 4 All?', 560, 'Active'),
(299, 'My sister insisted___________________________________coming with us.', 561, 'Active'),
(300, 'My sister insisted___________________________________coming with me', 561, 'Active'),
(301, 'My sister insisted___________________________________coming with us.', 562, 'Active'),
(302, 'What is CEO of Comptech 4 All?', 563, 'Active'),
(303, 'What is micro economics?', 564, 'Active'),
(304, 'What is CEO of Comptech 4 All?', 565, 'Active'),
(305, 'What is your name?', 567, 'Active'),
(306, 'My sister insisted_________________coming with us.', 568, 'Active'),
(307, 'My sister insisted_______________coming with us.', 570, 'Active'),
(308, 'What is CEO of Comptech 4 All?', 582, 'Active'),
(309, 'What is CEO of Comptech 4 All?', 583, 'Active'),
(310, 'What is your name?', 584, 'Active'),
(311, 'What is your name?', 585, 'Active'),
(312, 'What is your name?', 586, 'Active'),
(313, 'The internal fertilization leads to internal development of', 593, 'Active'),
(314, 'What is your name?', 594, 'Active'),
(315, 'What is your name?', 597, 'Active'),
(316, 'What is CEO of Comptech 4 All?', 599, 'Active'),
(317, 'National income is:-', 603, 'Active'),
(318, 'What is micro economics?', 604, 'Active'),
(319, 'What is micro economics?', 614, 'Active'),
(320, 'What is CEO of Comptech 4 All?', 616, 'Active'),
(321, 'What is your name?', 618, 'Active'),
(322, 'What is your name?', 619, 'Active'),
(323, 'What is your name?', 620, 'Active'),
(324, 'What is your name?', 621, 'Active'),
(325, 'What is CEO of Comptech 4 All?', 622, 'Active'),
(326, 'What is your name?', 623, 'Active'),
(327, 'What is your name?', 624, 'Active'),
(328, 'What is your name?', 625, 'Active'),
(329, 'My sister insisted_________________coming with us.ljfldsjfdfdf', 626, 'Active'),
(330, 'What is CEO of Comptech 4 All?', 627, 'Active'),
(331, 'What is CEO of Comptech 4 All?', 630, 'Active'),
(332, 'National income is:-dsfdsf', 630, 'Active'),
(333, 'What is micro economics?', 631, 'Active'),
(334, 'What is your name?', 631, 'Active'),
(335, 'What is micro economics?', 632, 'Active'),
(336, 'My sister insisted__________coming with us.', 632, 'Active'),
(337, 'What is micro economics?', 638, 'Active'),
(338, 'What is CEO of Comptech 4 All?', 638, 'Active'),
(339, 'What is micro economics?', 640, 'Active'),
(340, 'What is your name?', 641, 'Active'),
(341, 'What is CEO of Comptech 4 All?', 641, 'Active'),
(342, 'What is micro economics?', 643, 'Active'),
(343, 'What is your name?', 643, 'Active'),
(344, 'My sister insisted_________coming with us.', 644, 'Active'),
(345, 'National income is:-', 645, 'Active'),
(346, 'What is CEO of Comptech 4 All?', 647, 'Active'),
(347, 'What is your name?', 649, 'Active'),
(348, 'My sister insisted of ___________ coming with us.', 650, 'Active'),
(349, 'My sister insisted ___________ in coming with us.', 652, 'Active'),
(350, 'My sister insisted ________ coming with us.ii', 654, 'Active'),
(351, 'My sister insisted________coming with us.io', 654, 'Active'),
(352, 'My sister insisted ______________ coming with us.sdf', 655, 'Active'),
(353, 'My sister insisted ______________ coming with us.ewr', 655, 'Active'),
(354, 'What is CEO of _____________ Comptech 4 All?', 657, 'Active'),
(355, 'National income is ___________ :-', 657, 'Active'),
(356, 'What is your ___________ name?', 661, 'Active'),
(357, 'What ______________ your name?', 661, 'Active'),
(358, 'What is micro ____________________ economics?', 664, 'Active'),
(359, 'What is your ____________  name? dffd', 664, 'Active'),
(360, 'What  _________ dis your name?', 664, 'Active'),
(361, 'What is CEO ________________ of Comptech 4 All?', 664, 'Active'),
(362, 'What is micro ___________________ economics?', 666, 'Active'),
(363, 'What is your _____________________ name?', 666, 'Active'),
(364, 'What is CEO of _________________ Comptech 4 All?', 666, 'Active'),
(365, 'National _________________ income is:-', 666, 'Active'),
(366, 'What is micro _______________ economics?', 667, 'Active'),
(367, 'What is micro _______________ economics? jkg', 667, 'Active'),
(368, 'What is micro _______________ economics? hbd', 667, 'Active'),
(369, 'What is micro _______________ economics?kkjg', 667, 'Active'),
(370, 'What is micro __________________ economics? df', 669, 'Active'),
(371, 'What is micro __________________ economics? dfds', 669, 'Active'),
(372, 'What is micro __________________ economics? dfdsffrsd', 669, 'Active'),
(373, 'What is micro __________________ economics? df dsfsd', 669, 'Active'),
(374, 'What is micro ______________ economics?', 670, 'Active'),
(375, 'What is your  ______________  name? dsf', 670, 'Active'),
(376, 'What is CEO  ______________  of Comptech 4 All?', 670, 'Active'),
(377, 'National income  ______________  is:-', 670, 'Active'),
(378, 'What is your ____________ name?', 672, 'Active'),
(379, 'What is your ______________________ name?', 672, 'Active'),
(380, 'what is your name ?', 676, 'Active'),
(381, 'what is your name ? asd', 676, 'Active'),
(382, 'what is your name ? rt', 676, 'Active'),
(383, 'what is your name ?', 677, 'Active'),
(384, 'what is your name ? asd', 677, 'Active'),
(385, 'what is your name ? asd', 677, 'Active'),
(386, 'what is your name ? we', 677, 'Active'),
(387, 'what is your name ? rt', 677, 'Active'),
(388, 'what is your name ? uiyui', 678, 'Active'),
(389, 'what is your name ? jhghfhgb', 678, 'Active'),
(390, 'what is your name ?', 678, 'Active'),
(391, 'what is your name ? asd', 678, 'Active'),
(392, 'what is your name ? asd jhfhg', 678, 'Active'),
(393, 'what is your name ?', 682, 'Active'),
(394, 'what is your name ? asd', 682, 'Active'),
(395, 'what is your name ? asdSDFDSFDS', 682, 'Active'),
(396, 'what is your name ?', 684, 'Active'),
(397, 'what is your name ? asd', 684, 'Active'),
(398, 'what is your name ? asdSDFDSFDS', 684, 'Active'),
(399, 'what is your name ?', 685, 'Active'),
(400, 'what is your name ? rt', 685, 'Active'),
(401, 'what is your name ? rtjhgj', 685, 'Active'),
(402, 'what is your name ?', 689, 'Active'),
(403, 'what is your name ? asd', 689, 'Active'),
(404, 'what is your name ?', 691, 'Active'),
(405, 'what is your name ? rt', 691, 'Active'),
(406, 'what is your name ?', 692, 'Active'),
(407, 'what is your name ? asd', 692, 'Active'),
(408, 'what is your name ?', 694, 'Active'),
(409, 'what is your name ? asd', 694, 'Active'),
(410, 'what is your name ?', 696, 'Active'),
(411, 'what is your name ?', 697, 'Active'),
(412, 'what is your name ? asd', 697, 'Active'),
(413, 'what is your name ? asd', 698, 'Active'),
(414, 'what is your name ? asd DSF', 698, 'Active'),
(415, 'what is your name ? asd', 699, 'Active'),
(416, 'what is your name ?', 700, 'Active'),
(417, 'what is your name ? asd DSF', 701, 'Active'),
(418, 'what is your name ? rt', 704, 'Active'),
(419, 'what is your _____________ name ?', 705, 'Active'),
(420, 'what is your name ? rt', 706, 'Active'),
(421, 'what is your _____________ name ?', 707, 'Active'),
(422, 'what is your name ? asd DSF', 708, 'Active'),
(423, 'what is your name ?', 710, 'Active'),
(424, 'what is your name ? asd DSF', 710, 'Active'),
(425, 'what is your name ?', 712, 'Active'),
(426, 'what is your name ? asd DSF', 712, 'Active'),
(427, 'what is your name ?', 714, 'Active'),
(428, 'what is your name ? asd', 714, 'Active'),
(429, 'what is your name ? asd', 716, 'Active'),
(430, 'what is your name ? asd DSF', 716, 'Active'),
(431, 'what is your name ? asdSDFDSFDS', 718, 'Active'),
(432, 'what is your name ? asd', 719, 'Active'),
(433, 'what is your name ? rt', 720, 'Active'),
(434, 'what is your name ? rt', 721, 'Active'),
(435, 'what is your _____________ name ?', 728, 'Active'),
(436, 'what is your _____________ name ?', 731, 'Active'),
(437, 'what is your _____________ name ?', 732, 'Active');

-- --------------------------------------------------------

--
-- Table structure for table `long_q`
--

CREATE TABLE `long_q` (
  `long_q_id` int(11) NOT NULL,
  `long_q_detail` varchar(500) NOT NULL,
  `long_q_marks` float NOT NULL,
  `q_p_formate_id` int(11) NOT NULL,
  `status` varchar(500) NOT NULL
) ENGINE=InnoDB DEFAULT CHARSET=latin1;

--
-- Dumping data for table `long_q`
--

INSERT INTO `long_q` (`long_q_id`, `long_q_detail`, `long_q_marks`, `q_p_formate_id`, `status`) VALUES
(2, 'What is your name?', 5, 58, 'Active'),
(3, 'What is Zuhair Abbas ?', 5, 58, 'Active'),
(4, 'What is micro economics?', 2, 62, 'Active'),
(5, 'What is micro economics?', 2, 62, 'Active'),
(6, 'What is micro economics?', 2, 62, 'Active'),
(7, 'What is micro economics?bbbbbbbbbbbbbbbbbbbbb', 3, 63, 'Active'),
(8, 'What is CEO of Comptech 4 All?', 3, 63, 'Active'),
(9, 'What is micro economics?', 2, 64, 'Active'),
(10, 'What is your name?', 2, 64, 'Active'),
(11, 'What is CEO of Comptech 4 All?', 2, 64, 'Active'),
(12, 'What is your name?', 6, 65, 'Active'),
(13, 'What is micro economics?', 2, 67, 'Active'),
(14, 'What is your name?', 2, 67, 'Active'),
(15, 'National income is:-', 3, 67, 'Active'),
(16, 'National income is:-', 4, 67, 'Active'),
(17, 'What is CEO of Comptech 4 All?', 3, 67, 'Active'),
(18, 'What is micro economics?', 2, 67, 'Active'),
(19, 'What is your name?', 2, 67, 'Active'),
(20, 'National income is:-', 3, 67, 'Active'),
(21, 'National income is:-', 4, 67, 'Active'),
(22, 'What is CEO of Comptech 4 All?', 3, 67, 'Active'),
(23, 'What is your name?', 6, 68, 'Active'),
(24, 'What is micro economics?', 5, 72, 'Active'),
(25, 'What is your name?', 5, 72, 'Active'),
(26, 'National income is:-', 5, 72, 'Active'),
(27, 'What is CEO of Comptech 4 All?', 5, 72, 'Active'),
(28, 'What is micro economics?', 5, 72, 'Active'),
(29, 'What is micro economics?', 10, 74, 'Active'),
(30, 'What is your name?', 10, 74, 'Active'),
(31, 'National income is:-', 10, 74, 'Active'),
(32, 'My name is Kashif Ali is it True or not Explain it with examles ?', 20, 74, 'Active'),
(33, 'What is micro economics?', 2, 75, 'Active'),
(34, 'What is your name?', 2, 75, 'Active'),
(35, 'National income is:-', 2, 75, 'Active'),
(36, 'What is CEO of Comptech 4 All?', 2, 75, 'Active'),
(37, 'What is CEO of Comptech 4 All?', 2, 75, 'Active'),
(38, 'What is your name?', 4, 75, 'Active'),
(39, 'National income is:-', 4, 75, 'Active'),
(40, 'What is CEO of Comptech 4 All?', 4, 75, 'Active'),
(41, 'National income is:-', 4, 75, 'Active'),
(42, 'What is micro economics?', 4, 75, 'Active'),
(43, 'What is micro economics?', 1, 76, 'Active'),
(44, 'What is micro economics?', 1, 76, 'Active'),
(45, 'What is your name?', 1, 76, 'Active'),
(46, 'What is CEO of Comptech 4 All?', 1, 76, 'Active'),
(47, 'National income is:-', 1, 76, 'Active'),
(48, 'What is your name?', 2, 76, 'Active'),
(49, 'What is CEO of Comptech 4 All?', 2, 76, 'Active'),
(50, 'What is your name?', 2, 76, 'Active'),
(51, 'What is micro economics?', 2, 76, 'Active'),
(52, 'What is your name?', 2, 76, 'Active'),
(53, 'What is micro economics?', 3, 76, 'Active'),
(54, 'What is your name?', 3, 76, 'Active'),
(55, 'What is CEO of Comptech 4 All?', 3, 76, 'Active'),
(56, 'What is your name?', 3, 76, 'Active'),
(57, 'What is micro economics?', 3, 76, 'Active'),
(58, 'What is your name?', 1, 82, 'Active'),
(59, 'National income is:-', 1, 82, 'Active'),
(60, 'What are advantages of algorithms ?', 4, 83, 'Active'),
(61, 'What is flow chart? Why is it used ?', 4, 83, 'Active'),
(62, 'List some advantages of flow chart ?', 4, 83, 'Active'),
(63, 'Write down the limitations of flowchart.', 4, 83, 'Active'),
(64, 'Differentiate between flowchart and algorithm.', 5, 83, 'Active'),
(65, 'State the purpose of testing a program.', 5, 83, 'Active'),
(66, 'What is the use of programming language ?', 5, 83, 'Active'),
(67, 'List out major types of programming languages.', 3, 83, 'Active'),
(68, 'What is micro economics?', 1, 101, 'Active'),
(69, 'The internal fertilization leads to internal development of embryo which gives birth to young one, such animals are called:-', 1, 102, 'Active'),
(70, 'What is your name?', 1, 103, 'Active'),
(71, 'What is your name?', 1, 103, 'Active'),
(72, 'What is your name?', 1, 112, 'Active'),
(73, 'What is your name?', 1, 113, 'Active'),
(74, 'What is your name?', 1, 128, 'Active'),
(75, 'What is your name?', 1, 129, 'Active'),
(76, 'What is micro economics?', 1, 131, 'Active'),
(77, 'What is micro economics?', 1, 133, 'Active'),
(78, 'What is your name?', 1, 133, 'Active'),
(79, 'What is CEO of Comptech 4 All?', 1, 134, 'Active'),
(80, 'National income is:-', 1, 135, 'Active'),
(81, 'What is CEO of Comptech 4 All?', 1, 136, 'Active'),
(82, 'What is your name?', 1, 137, 'Active'),
(83, 'What is CEO of Comptech 4 All?', 1, 138, 'Active'),
(84, 'National income is:-', 1, 141, 'Active'),
(85, 'What is micro economics?', 0.5, 149, 'Active'),
(86, 'What is your name?', 0.5, 149, 'Active'),
(87, 'What is CEO of Comptech 4 All?', 1, 149, 'Active'),
(88, 'National income is:-', 1, 149, 'Active'),
(89, 'What is CEO of Comptech 4 All?', 2, 149, 'Active'),
(90, 'The internal fertilization leads to internal development of embryo which gives birth to young one, such animals are called:-', 1, 150, 'Active'),
(91, 'What is computer ?', 1, 151, 'Active'),
(92, 'What is your name?', 1, 152, 'Active'),
(93, 'Write algorithm and program of bubble sort and define recursive function ?', 1, 153, 'Active'),
(94, 'What is BIOS chip ?', 1, 155, 'Active'),
(95, 'What is CEO of Comptech 4 All?', 1, 164, 'Active'),
(96, 'What is CEO of Comptech 4 All?', 1, 165, 'Active'),
(97, 'What is CEO of Comptech 4 All?', 1, 166, 'Active'),
(98, 'What is your name?', 1, 272, 'Active'),
(99, 'National income is:-', 1, 272, 'Active'),
(100, 'What is micro economics?', 1, 391, 'Active'),
(101, 'What is micro economics?', 1, 410, 'Active'),
(102, 'What is your name?', 1, 411, 'Active'),
(103, 'What is CEO of Comptech 4 All?', 1, 413, 'Active'),
(104, 'What is your name?', 2, 423, 'Active'),
(105, 'What is CEO of Comptech 4 All?', 1, 426, 'Active'),
(106, 'What is micro economics? kldjfl kdjfld ljdfl dj fldjk flkjdfljdf djfkdjf', 1, 429, 'Active'),
(107, 'What is your name?', 1, 429, 'Active'),
(108, 'What is micro economics?', 1, 429, 'Active'),
(109, 'What is Zuhair Abbas ?', 0, 429, 'Active'),
(110, 'What is micro economics?', 1, 429, 'Active'),
(111, 'What is your name?', 1, 429, 'Active'),
(112, 'What is micro economics?', 1, 429, 'Active'),
(113, 'What is your name?', 1, 429, 'Active'),
(114, 'What is micro economics?', 1, 430, 'Active'),
(115, 'What is CEO of Comptech 4 All?', 1, 430, 'Active'),
(116, 'What is micro economics? dsfd dfdf dfdfddf dfdf dfdDFDFD DFDFDF DFD', 0, 431, 'Active'),
(117, 'Who is THE cAPITAL OF INDIAM,8? dsfd dfdf dfdfddf dfdf dfd 777777', 1, 431, 'Active'),
(118, 'What is micro economics?', 1, 432, 'Active'),
(119, 'What is your name?', 1, 433, 'Active'),
(120, 'What is CEO of Comptech 4 All?', 1, 433, 'Active'),
(121, 'What is micro economics?', 2, 441, 'Active'),
(122, 'What is micro economics?', 1, 442, 'Active'),
(123, 'What is your name?', 2, 450, 'Active'),
(124, 'What is micro economics?', 2, 451, 'Active'),
(125, 'What is CEO of Comptech 4 All?', 2, 452, 'Active'),
(126, 'What is your name?', 1, 453, 'Active'),
(127, 'National income is:-', 1, 455, 'Active'),
(128, 'What is CEO of Comptech 4 All?', 1, 456, 'Active'),
(129, 'What is CEO of Comptech 4 All?', 1, 458, 'Active'),
(130, 'What is CEO of Comptech 4 All?', 1, 460, 'Active'),
(131, 'What is your name?', 1, 462, 'Active'),
(132, 'What is CEO of Comptech 4 All?', 1, 463, 'Active'),
(133, 'National income is:-', 1, 464, 'Active'),
(134, 'What is CEO of Comptech 4 All?', 1, 465, 'Active'),
(135, 'My sister insisted___________________________________coming with us.', 1, 466, 'Active'),
(136, 'My sister insisted___________________________________coming with us.', 1, 466, 'Active'),
(137, 'My sister insisted___________________________________coming with us.', 1, 466, 'Active'),
(138, 'My sister insisted___________________________________coming with us.', 1, 466, 'Active'),
(139, 'National income is:-', 1, 467, 'Active'),
(140, 'National income is:-', 1, 468, 'Active'),
(141, 'National income is:-', 1, 468, 'Active'),
(142, 'National income is:-', 1, 468, 'Active'),
(143, 'National income is:-', 1, 468, 'Active'),
(144, 'National income is:-', 1, 468, 'Active'),
(145, 'National income is:-', 1, 468, 'Active'),
(146, 'National income is:-', 1, 468, 'Active'),
(147, 'What is micro economics?', 1, 469, 'Active'),
(148, 'What is your name?', 1, 470, 'Active'),
(149, 'What is your name?', 1, 471, 'Active'),
(150, 'What is CEO of Comptech 4 All?', 1, 472, 'Active'),
(151, 'What is CEO of Comptech 4 All?', 1, 473, 'Active'),
(152, 'What is CEO of Comptech 4 All?', 1, 475, 'Active'),
(153, 'What is CEO of Comptech 4 All?', 1, 476, 'Active'),
(154, 'What is CEO of Comptech 4 All?1', 1, 486, 'Active'),
(155, 'What is CEO of Comptech 4 All?', 1, 490, 'Active'),
(156, 'What is micro economics?', 1, 494, 'Active'),
(157, 'What is your name?', 1, 494, 'Active'),
(158, 'What is your name?', 1, 495, 'Active'),
(159, 'National income is:-', 1, 495, 'Active'),
(160, 'National income is:-', 1, 496, 'Active'),
(161, 'What is CEO of Comptech 4 All?', 1, 497, 'Active'),
(162, 'What is your name?', 1, 505, 'Active'),
(163, 'What is your name?', 1, 506, 'Active'),
(164, 'What is your name?', 1, 507, 'Active'),
(165, 'What is micro economics?', 1, 529, 'Active'),
(166, 'What is your name?', 1, 529, 'Active'),
(167, 'What is your name?dfdf', 1, 530, 'Active'),
(168, 'National income is:-', 1, 530, 'Active'),
(169, 'What is micro economics?', 1, 531, 'Active'),
(170, 'What is your name?', 1, 531, 'Active'),
(171, 'What is micro economics?', 1, 537, 'Active'),
(172, 'What is your name?', 1, 538, 'Active'),
(173, 'What is CEO of Comptech 4 All?', 1, 540, 'Active'),
(174, 'What is your name?', 1, 541, 'Active'),
(175, 'What is your name?', 1, 541, 'Active'),
(176, 'What is CEO of Comptech 4 All?', 1, 542, 'Active'),
(177, 'What is CEO of Comptech 4 All?', 1, 543, 'Active'),
(178, 'What is micro economics?', 1, 544, 'Active'),
(179, 'What is CEO of Comptech 4 All?', 1, 545, 'Active'),
(181, 'What is micro economics?', 0.5, 552, 'Active'),
(182, 'What is your name?klkjh', 0.5, 552, 'Active'),
(183, 'What is micro economics?435', 1.5, 552, 'Active'),
(184, 'National income is:-', 1.5, 552, 'Active'),
(185, 'What is micro economics?', 0.5, 553, 'Active'),
(186, 'What is your name? defds', 0.5, 553, 'Active'),
(187, 'What is CEO of Comptech 4 All?', 0.5, 553, 'Active'),
(188, 'National income is:-', 0.5, 553, 'Active'),
(189, 'What is CEO of Comptech 4 All? dsf', 1, 554, 'Active'),
(190, 'National income is:-', 1, 554, 'Active'),
(191, 'What is micro economics?', 0.5, 556, 'Active'),
(192, 'What is your name?', 0.5, 556, 'Active'),
(193, 'What is CEO of Comptech 4 All?', 0.5, 556, 'Active'),
(194, 'National income is:- df', 0.5, 556, 'Active'),
(195, 'What is micro economics?', 0.5, 560, 'Active'),
(196, 'What is your name?', 0.5, 560, 'Active'),
(197, 'What is CEO of Comptech 4 All?', 0.5, 560, 'Active'),
(198, 'National income is:-', 0.5, 560, 'Active'),
(199, 'What is micro economics?', 0.5, 561, 'Active'),
(200, 'What is micro economics? sd', 0.5, 561, 'Active'),
(201, 'What is micro economics?sds', 0.5, 561, 'Active'),
(202, 'What is micro economics?dessds', 0.5, 561, 'Active'),
(203, 'What is micro economics?', 0.5, 562, 'Active'),
(204, 'What is your name? sdfds', 0.5, 562, 'Active'),
(205, 'What is CEO of Comptech 4 All?', 0.5, 562, 'Active'),
(206, 'National income is:- sdf', 0.5, 562, 'Active'),
(207, 'What is micro economics?', 0.5, 563, 'Active'),
(208, 'What is your name?', 0.5, 563, 'Active'),
(209, 'National income is:-', 0.5, 563, 'Active'),
(210, 'What is micro economics? sdfds', 0.5, 563, 'Active'),
(211, 'What is CEO of Comptech 4 All?', 0.5, 564, 'Active'),
(212, 'What is micro economics?', 0.5, 564, 'Active'),
(213, 'What is micro economics?', 0.5, 565, 'Active'),
(214, 'What is your name?', 0.5, 565, 'Active'),
(215, 'what is your name ?', 1, 590, 'Active'),
(216, 'what is your name ?', 1, 594, 'Active'),
(217, 'what is your name ?', 1, 600, 'Active'),
(218, 'what is your name ? asd', 1, 601, 'Active'),
(219, 'what is your name ?', 1, 602, 'Active'),
(220, 'what is your name ? asd', 1, 603, 'Active'),
(221, 'what is your name ? asd DSF', 1, 604, 'Active'),
(222, 'what is your name ? asd DSF', 1, 605, 'Active'),
(223, 'what is your name ?', 2, 607, 'Active'),
(224, 'what is your name ? asd', 1, 608, 'Active'),
(225, 'what is your name ? asd DSF', 1, 614, 'Active'),
(226, 'what is your _____________ name ?', 1, 627, 'Active'),
(227, 'what is your name ?', 1, 627, 'Active'),
(228, 'what is your _____________ name ?', 1, 627, 'Active'),
(229, 'what is your name ?', 1, 627, 'Active'),
(230, 'what is your name ? asd DSF', 1, 628, 'Active'),
(231, 'xzczxc dffdsfdfd', 2, 634, 'Active'),
(232, 'dsfdsf fdfds dfdsf', 2, 634, 'Block'),
(233, 'What is your name ?', 2, 636, 'Active'),
(234, 'gfdgfdgdf fdgfdgfd dfgfdgfd', 2, 636, 'Block'),
(235, 'gfdgfdgdf fdgfdgfd dfgfdgfd', 2, 637, 'Active'),
(236, 'jkjhjhj khkhkh hjkhk kjhjhkjhkjh kh', 2, 637, 'Active'),
(237, 'ghjg jkhgjgg ghjgj', 2, 637, 'Block'),
(238, 'kjkjkhk khkh kjhkhkjh jhkhkh ', 2, 637, 'Block'),
(239, 'What is your name ?', 1, 640, 'Active'),
(240, 'sdfdf sdf sdfsdfsd dsfdfdf sdf', 1, 640, 'Active'),
(241, 'sdfdf sdffds dsfdf sdfdff dsf dsf dsfdsf sdfd', 1, 640, 'Active'),
(242, 'sdfsdfdsf sdffds dsfdsdsf sdfdf  sdfdsf dsfdf ', 1, 640, 'Active'),
(243, 'cvcvcxv dsfsdfds sdfdsf sdfdsf', 1, 640, 'Block'),
(244, 'dsfdfdf sdfdfsdf dfdsf sdfsfsd ', 1, 640, 'Block'),
(245, 'dsfdfdf dsff dsffdsfdsf sdfdsf sdfsdfdsfd sdfdf', 1, 640, 'Block'),
(246, 'gfdgfdgdf fdgfdgfd dfgfdgfd', 1, 642, 'Active'),
(247, 'kljflds lkjsflkd flksjf sdkjf skljdfkls jllkf jdsklf dsjlfdlsk', 1, 642, 'Active'),
(248, 'iuweiour oiuewriwio oiuweriow oiu oeroiuwrio uoiiou roiwru uroieu', 1, 642, 'Active'),
(249, 'mzmzx.cmxz.c,. dsjlf dsljdkf ldjk dslk', 1, 642, 'Active'),
(250, 'sdjfopewroi iouioulk,.m  dsjflk lkjsdfkl  sdljkfl', 1, 642, 'Active'),
(251, 'owueoire oiuweoiru  iouerio eoiuri weoi', 1, 642, 'Block'),
(252, 'jksdklfj lkjsd flkjdflkjlks flkj lskjf lkjklf dslkjf', 1, 642, 'Block'),
(253, 'mn,nzx,c.,,m z,nxc, nxc,mn,zc,mx,mncx,', 1, 642, 'Block'),
(254, 'ioweurioueor oeiwroiu ewoir lksdjflkj kj dlkfds', 1, 644, 'Active'),
(255, 'klsdjf  jdklf sdlkj lkjd lfkjd flkjdsf lsdkjfl', 1, 644, 'Active'),
(256, 'kdsjfklds flskjd lksjdf lkjdflksd flkjsf lskdjflskd', 0.5, 644, 'Active'),
(257, 'kljsdljfsdlkf lk sdjklfj sdlkj lk lkj kl jkljlk klj lkj lkjslk', 0.5, 644, 'Active'),
(258, 'oiwueiro iw euroiu oieur wrui weoiruw oruew', 2, 644, 'Active'),
(259, 'skdlj lksj dfkljsd flsj lks fkls fksf slkdf jslkdfj sdlkf', 2, 644, 'Block'),
(260, 'owiuerioeuroe io eroieu roiur oiweur oiwr uweoi', 1, 644, 'Block'),
(261, 'm,xcv cx,mv.cx ,.mxc,vcx.,x.,cmv.,xcmx.,cm. xcmv x.,cmvxc.,', 0.5, 644, 'Block'),
(262, 'What is your name ?', 2, 646, 'Active'),
(263, 'jksd fklj dskljf ldksjflk dsjfkl kljs flksjflkds fkldjsflk sdjflk jlk flkjdsflks dkjsdjf', 2, 646, 'Active'),
(264, 'klsdj flkjsdf lkdjsflkjdlkjflkdsj lkj lkj lk jljkfld jfldks lkdj lkdsj lkjdflk flkjf lkj flkf sdlf sd', 1, 646, 'Active'),
(265, 'kdjsf klj kljd lkfjdl ksjflkjf lkdsfjl lkjdsflkjlkjd ljlk fjk jklds lkj fljfl dsjfl', 1, 646, 'Active'),
(266, 'mzx,nc iue reiur ueroi ewro ueroi erou rouroi uoiuoi uoiuroiuerou', 1, 646, 'Active'),
(267, 'iuwey rery iye i ruewiu y iewryewiruewoir ewrwe uo roewiuow', 1, 646, 'Active'),
(268, 'ue oruwe oiuroiueoruewoir uierow oiwuroew roiuroiwuroweiruowu ouoi roiue oiurioeu', 2, 646, 'Block'),
(269, 'ueorourouou euurweor ouewro ouiero  weurwerw oiuor ew', 2, 646, 'Block'),
(270, 'sjdllsf lj ljslksj sj lks sd fs fksd jf sd fs f d dlsjlkds', 1, 646, 'Block'),
(271, 'kjdslk fl fj dk j fs jflkdjfkldj flj flkdsj fl jsflk jfl fdsl sdl ', 1, 646, 'Block');

-- --------------------------------------------------------

--
-- Table structure for table `lq`
--

CREATE TABLE `lq` (
  `lq_id` int(11) NOT NULL,
  `t_marks_lq` int(11) NOT NULL,
  `quan_lq` int(11) NOT NULL,
  `q_p_formate_id` int(11) NOT NULL,
  `status` int(11) NOT NULL
) ENGINE=InnoDB DEFAULT CHARSET=latin1;

--
-- Dumping data for table `lq`
--

INSERT INTO `lq` (`lq_id`, `t_marks_lq`, `quan_lq`, `q_p_formate_id`, `status`) VALUES
(49, 20, 5, 246, 0),
(50, 2, 4, 254, 0),
(51, 50, 20, 255, 0),
(52, 20, 10, 0, 0),
(53, 20, 1, 265, 0),
(54, 1, 1, 267, 0),
(55, 2, 2, 272, 0),
(56, 1, 1, 391, 0),
(57, 1, 1, 410, 0),
(58, 1, 1, 411, 0),
(59, 1, 1, 412, 0),
(60, 1, 1, 413, 0),
(61, 2, 1, 423, 0),
(62, 1, 1, 426, 0),
(63, 2, 2, 429, 0),
(64, 2, 2, 430, 0),
(65, 2, 2, 431, 0),
(66, 1, 1, 432, 0),
(67, 2, 2, 433, 0),
(68, 2, 1, 441, 0),
(69, 1, 1, 442, 0),
(70, 2, 1, 450, 0),
(71, 2, 1, 451, 0),
(72, 2, 1, 452, 0),
(73, 1, 1, 453, 0),
(74, 1, 1, 455, 0),
(75, 1, 1, 456, 0),
(76, 1, 1, 458, 0),
(77, 1, 1, 460, 0),
(78, 1, 1, 462, 0),
(79, 1, 1, 463, 0),
(80, 1, 1, 464, 0),
(81, 1, 1, 465, 0),
(82, 1, 1, 466, 0),
(83, 1, 1, 467, 0),
(84, 1, 1, 468, 0),
(85, 1, 1, 469, 0),
(86, 1, 1, 470, 0),
(87, 1, 1, 471, 0),
(88, 1, 1, 472, 0),
(89, 1, 1, 473, 0),
(90, 1, 1, 474, 0),
(91, 1, 1, 475, 0),
(92, 1, 1, 476, 0),
(93, 1, 1, 477, 0),
(94, 1, 1, 478, 0),
(95, 1, 1, 479, 0),
(96, 1, 1, 480, 0),
(97, 1, 1, 481, 0),
(98, 1, 1, 482, 0),
(99, 1, 1, 483, 0),
(100, 1, 1, 484, 0),
(101, 1, 1, 486, 0),
(102, 1, 1, 490, 0),
(103, 2, 2, 494, 0),
(104, 2, 2, 495, 0),
(105, 1, 1, 496, 0),
(106, 1, 1, 497, 0),
(107, 1, 1, 505, 0),
(108, 1, 1, 506, 0),
(109, 1, 1, 507, 0),
(110, 2, 2, 529, 0),
(111, 2, 2, 530, 0),
(112, 2, 2, 531, 0),
(113, 1, 1, 537, 0),
(114, 1, 1, 538, 0),
(115, 1, 1, 540, 0),
(116, 1, 1, 541, 0),
(117, 1, 1, 542, 0),
(118, 1, 1, 543, 0),
(119, 1, 1, 544, 0),
(120, 1, 1, 545, 0),
(121, 4, 2, 552, 0),
(122, 2, 4, 553, 0),
(123, 2, 2, 554, 0),
(124, 2, 4, 556, 0),
(125, 2, 4, 560, 0),
(126, 2, 4, 561, 0),
(127, 2, 4, 562, 0),
(128, 2, 4, 563, 0),
(129, 1, 2, 564, 0),
(130, 1, 2, 565, 0),
(131, 1, 0, 583, 0),
(132, 1, 1, 585, 0),
(133, 1, 1, 588, 0),
(134, 1, 1, 590, 0),
(135, 1, 1, 594, 0),
(136, 1, 1, 595, 0),
(137, 1, 1, 600, 0),
(138, 1, 1, 601, 0),
(139, 1, 1, 602, 0),
(140, 1, 1, 603, 0),
(141, 1, 1, 604, 0),
(142, 1, 1, 605, 0),
(143, 2, 1, 607, 0),
(144, 1, 1, 608, 0),
(145, 1, 1, 610, 0),
(146, 1, 1, 614, 0),
(147, 2, 2, 627, 0),
(148, 1, 1, 628, 0),
(149, 2, 2, 634, 0),
(150, 2, 2, 636, 0),
(151, 4, 4, 637, 0),
(152, 4, 5, 639, 0),
(153, 4, 7, 640, 0),
(154, 5, 8, 642, 0),
(155, 5, 8, 644, 0),
(156, 6, 0, 645, 0),
(157, 8, 10, 646, 0);

-- --------------------------------------------------------

--
-- Table structure for table `mcq`
--

CREATE TABLE `mcq` (
  `mcq_id` int(11) NOT NULL,
  `t_marks_mcq` float NOT NULL,
  `quan_mcq` int(11) NOT NULL,
  `each_mcq` float NOT NULL,
  `q_p_formate_id` int(11) NOT NULL
) ENGINE=InnoDB DEFAULT CHARSET=latin1;

--
-- Dumping data for table `mcq`
--

INSERT INTO `mcq` (`mcq_id`, `t_marks_mcq`, `quan_mcq`, `each_mcq`, `q_p_formate_id`) VALUES
(141, 20, 20, 1, 246),
(142, 5, 2, 2.5, 247),
(143, 2, 4, 0.5, 250),
(144, 4, 4, 1, 252),
(145, 50, 50, 1, 256),
(146, 1, 1, 1, 258),
(147, 2, 2, 1, 259),
(148, 50, 50, 1, 261),
(149, 1, 1, 1, 262),
(150, 100, 100, 1, 263),
(151, 100, 100, 1, 264),
(152, 20, 20, 1, 0),
(153, 20, 20, 1, 265),
(154, 2, 2, 1, 266),
(155, 3, 3, 1, 267),
(156, 1, 1, 1, 268),
(157, 2, 2, 1, 275),
(158, 2, 2, 1, 276),
(159, 2, 1, 2, 289),
(160, 1, 1, 1, 290),
(161, 2, 2, 1, 291),
(162, 2, 2, 1, 293),
(163, 1, 1, 1, 294),
(164, 1, 1, 1, 295),
(165, 1, 1, 1, 296),
(166, 2, 2, 1, 298),
(167, 1, 1, 1, 299),
(168, 2, 2, 1, 300),
(169, 1, 1, 1, 302),
(170, 1, 1, 1, 303),
(171, 1, 1, 1, 304),
(172, 1, 1, 1, 305),
(173, 1, 1, 1, 306),
(174, 1, 1, 1, 307),
(175, 1, 1, 1, 308),
(176, 1, 1, 1, 309),
(177, 1, 1, 1, 310),
(178, 1, 1, 1, 311),
(179, 1, 1, 1, 312),
(180, 1, 1, 1, 313),
(181, 1, 1, 1, 314),
(182, 1, 1, 1, 315),
(183, 2, 2, 1, 316),
(184, 2, 2, 1, 317),
(185, 1, 1, 1, 318),
(186, 1, 1, 1, 319),
(187, 1, 1, 1, 320),
(188, 1, 1, 1, 321),
(189, 1, 1, 1, 322),
(190, 2, 2, 1, 323),
(191, 1, 1, 1, 324),
(192, 1, 1, 1, 325),
(193, 1, 1, 1, 326),
(194, 1, 1, 1, 327),
(195, 1, 1, 1, 328),
(196, 1, 1, 1, 329),
(197, 1, 1, 1, 330),
(198, 1, 1, 1, 331),
(199, 1, 1, 1, 332),
(200, 1, 1, 1, 333),
(201, 1, 1, 1, 334),
(202, 1, 1, 1, 335),
(203, 2, 2, 1, 336),
(204, 3, 3, 1, 337),
(205, 1, 1, 1, 338),
(206, 1, 1, 1, 339),
(207, 1, 1, 1, 340),
(208, 2, 2, 1, 341),
(209, 1, 1, 1, 342),
(210, 1, 1, 1, 343),
(211, 1, 1, 1, 344),
(212, 2, 2, 1, 345),
(213, 1, 1, 1, 346),
(214, 1, 1, 1, 347),
(215, 1, 1, 1, 348),
(216, 2, 2, 1, 349),
(217, 2, 2, 1, 350),
(218, 1, 1, 1, 351),
(219, 1, 1, 1, 352),
(220, 2, 2, 1, 356),
(221, 1, 1, 1, 357),
(222, 1, 1, 1, 358),
(223, 2, 2, 1, 360),
(224, 2, 2, 1, 361),
(225, 2, 2, 1, 365),
(226, 2, 2, 1, 366),
(227, 2, 2, 1, 367),
(228, 2, 2, 1, 368),
(229, 2, 2, 1, 369),
(230, 2, 2, 1, 372),
(231, 2, 2, 1, 373),
(232, 2, 2, 1, 374),
(233, 2, 2, 1, 375),
(234, 2, 2, 1, 376),
(235, 2, 2, 1, 377),
(236, 2, 1, 2, 378),
(237, 2, 2, 1, 380),
(238, 1, 1, 1, 381),
(239, 1, 1, 1, 382),
(240, 1, 1, 1, 385),
(241, 1, 1, 1, 386),
(242, 2, 2, 1, 387),
(243, 5, 5, 1, 388),
(244, 2, 2, 1, 389),
(245, 1, 1, 1, 390),
(246, 1, 1, 1, 391),
(247, 5, 5, 1, 392),
(248, 1, 1, 1, 393),
(249, 1, 1, 1, 394),
(250, 1, 1, 1, 395),
(251, 2, 2, 1, 396),
(252, 1, 1, 1, 397),
(253, 1, 1, 1, 398),
(254, 1, 1, 1, 399),
(255, 1, 1, 1, 400),
(256, 1, 1, 1, 401),
(257, 1, 1, 1, 402),
(258, 1, 1, 1, 403),
(259, 1, 1, 1, 404),
(260, 1, 1, 1, 405),
(261, 3, 3, 1, 406),
(262, 1, 1, 1, 407),
(263, 1, 1, 1, 408),
(264, 1, 1, 1, 412),
(265, 1, 1, 1, 413),
(266, 1, 1, 1, 414),
(267, 1, 1, 1, 415),
(268, 2, 2, 1, 416),
(269, 1, 1, 1, 417),
(270, 1, 1, 1, 418),
(271, 2, 1, 2, 424),
(272, 1, 1, 1, 426),
(273, 1, 1, 1, 434),
(274, 2, 2, 1, 435),
(275, 2, 2, 1, 436),
(276, 1, 1, 1, 437),
(277, 1, 1, 1, 439),
(278, 1, 1, 1, 443),
(279, 1, 1, 1, 446),
(280, 1, 1, 1, 447),
(281, 1, 1, 1, 453),
(282, 1, 1, 1, 455),
(283, 1, 1, 1, 456),
(284, 1, 1, 1, 457),
(285, 1, 1, 1, 458),
(286, 1, 1, 1, 459),
(287, 1, 1, 1, 460),
(288, 1, 1, 1, 461),
(289, 1, 1, 1, 463),
(290, 1, 1, 1, 464),
(291, 1, 1, 1, 465),
(292, 1, 1, 1, 466),
(293, 1, 1, 1, 467),
(294, 1, 1, 1, 468),
(295, 1, 1, 1, 469),
(296, 1, 1, 1, 470),
(297, 1, 1, 1, 471),
(298, 1, 1, 1, 472),
(299, 1, 1, 1, 474),
(300, 1, 1, 1, 475),
(301, 1, 1, 1, 476),
(302, 1, 1, 1, 480),
(303, 1, 1, 1, 481),
(304, 1, 1, 1, 482),
(305, 1, 1, 1, 483),
(306, 1, 1, 1, 484),
(307, 1, 1, 1, 486),
(308, 1, 1, 1, 487),
(309, 3, 3, 1, 488),
(310, 2, 2, 1, 489),
(311, 2, 2, 1, 491),
(312, 1, 1, 1, 492),
(313, 1, 1, 1, 496),
(314, 1, 1, 1, 498),
(315, 1, 1, 1, 499),
(316, 1, 1, 1, 500),
(317, 1, 1, 1, 501),
(318, 1, 1, 1, 503),
(319, 1, 1, 1, 504),
(320, 1, 1, 1, 505),
(321, 1, 1, 1, 506),
(322, 1, 1, 1, 508),
(323, 1, 1, 1, 509),
(324, 1, 1, 1, 511),
(325, 1, 1, 1, 512),
(326, 1, 1, 1, 513),
(327, 1, 1, 1, 514),
(328, 1, 1, 1, 515),
(329, 1, 1, 1, 518),
(330, 1, 1, 1, 521),
(331, 2, 2, 1, 522),
(332, 2, 2, 1, 523),
(333, 2, 2, 1, 524),
(334, 2, 2, 1, 526),
(335, 2, 2, 1, 527),
(336, 2, 2, 1, 531),
(337, 2, 2, 1, 532),
(338, 2, 2, 1, 534),
(339, 2, 2, 1, 535),
(340, 1, 1, 1, 537),
(341, 1, 1, 1, 538),
(342, 10, 20, 0.5, 539),
(343, 1, 1, 1, 540),
(344, 1, 1, 1, 541),
(345, 1, 1, 1, 543),
(346, 1, 1, 1, 544),
(347, 4, 4, 1, 546),
(348, 2, 2, 1, 547),
(349, 2, 2, 1, 548),
(350, 2, 2, 1, 549),
(351, 2, 2, 1, 554),
(352, 2, 4, 0.5, 555),
(353, 2, 4, 0.5, 556),
(354, 2, 4, 0.5, 557),
(355, 2, 4, 0.5, 558),
(356, 2, 4, 0.5, 560),
(357, 2, 4, 0.5, 561),
(358, 2, 4, 0.5, 563),
(359, 2, 2, 1, 564),
(360, 5, 5, 1, 566),
(361, 5, 5, 1, 567),
(362, 3, 3, 1, 569),
(363, 3, 3, 1, 570),
(364, 3, 3, 1, 571),
(365, 5, 5, 1, 572),
(366, 5, 5, 1, 573),
(367, 3, 3, 1, 576),
(368, 3, 3, 1, 577),
(369, 3, 3, 1, 578),
(370, 2, 2, 1, 579),
(371, 2, 2, 1, 580),
(372, 4, 4, 1, 581),
(373, 2, 2, 1, 582),
(374, 2, 2, 1, 583),
(375, 2, 2, 1, 584),
(376, 2, 2, 1, 585),
(377, 2, 2, 1, 586),
(378, 2, 2, 1, 587),
(379, 2, 2, 1, 588),
(380, 2, 2, 1, 591),
(381, 1, 1, 1, 592),
(382, 1, 1, 1, 593),
(383, 1, 1, 1, 594),
(384, 1, 1, 1, 595),
(385, 1, 1, 1, 596),
(386, 1, 1, 1, 597),
(387, 1, 1, 1, 598),
(388, 1, 1, 1, 599),
(389, 1, 1, 1, 600),
(390, 1, 1, 1, 601),
(391, 2, 2, 1, 602),
(392, 2, 2, 1, 603),
(393, 2, 2, 1, 604),
(394, 2, 2, 1, 606),
(395, 2, 2, 1, 608),
(396, 2, 2, 1, 609),
(397, 1.5, 1, 1.5, 610),
(398, 1, 1, 1, 611),
(399, 1, 1, 1, 612),
(400, 1, 1, 1, 613),
(401, 1, 1, 1, 614),
(402, 2, 2, 1, 615),
(403, 2, 2, 1, 616),
(404, 2, 2, 1, 617),
(405, 2, 2, 1, 619),
(406, 2, 2, 1, 620),
(407, 1, 1, 1, 621),
(408, 1, 1, 1, 622),
(409, 1, 1, 1, 625),
(410, 2, 2, 1, 629),
(411, 5, 5, 1, 630),
(412, 5, 5, 1, 631);

-- --------------------------------------------------------

--
-- Table structure for table `pico`
--

CREATE TABLE `pico` (
  `id` int(11) NOT NULL,
  `std_name` varchar(255) NOT NULL,
  `courses` varchar(255) NOT NULL
) ENGINE=InnoDB DEFAULT CHARSET=latin1;

--
-- Dumping data for table `pico`
--

INSERT INTO `pico` (`id`, `std_name`, `courses`) VALUES
(38, 'Muhammad Zeeshan', '12'),
(39, 'Muhammad Zeeshan', '13'),
(40, 'Muhammad Zeeshan', '14'),
(41, 'Muhammad Zeeshan', '15'),
(42, 'Muhammad Zeeshan', '16'),
(43, 'Kashif Ali', '12'),
(44, 'Kashif Ali', '13'),
(45, 'Kashif Ali', '14'),
(46, 'Kashif Ali', '15'),
(47, 'Kashif Ali', '16'),
(48, 'Kashif Ali', '17'),
(49, 'Kashif Ali', '18'),
(50, 'Kashif Ali', '19'),
(51, 'Kashif Ali', '12'),
(52, 'Kashif Ali', '13');

-- --------------------------------------------------------

--
-- Table structure for table `program`
--

CREATE TABLE `program` (
  `program_id` int(11) NOT NULL,
  `program_name` varchar(50) NOT NULL,
  `status` varchar(50) NOT NULL
) ENGINE=InnoDB DEFAULT CHARSET=latin1;

--
-- Dumping data for table `program`
--

INSERT INTO `program` (`program_id`, `program_name`, `status`) VALUES
(13, 'MCS', 'Active'),
(14, 'MPhil', 'Active');

-- --------------------------------------------------------

--
-- Table structure for table `question`
--

CREATE TABLE `question` (
  `question_id` int(11) NOT NULL,
  `question` varchar(500) NOT NULL,
  `q_paper_id` int(11) NOT NULL,
  `status` varchar(500) NOT NULL
) ENGINE=InnoDB DEFAULT CHARSET=latin1;

--
-- Dumping data for table `question`
--

INSERT INTO `question` (`question_id`, `question`, `q_paper_id`, `status`) VALUES
(466, 'What is micro economics?', 237, 'Active'),
(467, 'What is your name?', 237, 'Active'),
(468, 'What is your name?', 239, 'Active'),
(469, 'What is CEO of Comptech 4 All?', 240, 'Active'),
(470, 'What is your name?', 241, 'Active'),
(471, 'What is micro economics?', 242, 'Active'),
(472, 'National income is:-', 242, 'Active'),
(473, 'What is micro economics?', 243, 'Active'),
(474, 'What is micro economics?', 244, 'Active'),
(475, 'National income is:-', 244, 'Active'),
(476, 'What is micro economics?', 245, 'Active'),
(477, 'National income is:-', 245, 'Active'),
(478, 'What is micro economics?', 247, 'Active'),
(479, 'National income is:-', 247, 'Active'),
(480, 'What is micro economics?', 248, 'Active'),
(481, 'What is your name?', 248, 'Active'),
(482, 'What is micro economics?', 249, 'Active'),
(483, 'What is your name?', 249, 'Active'),
(484, 'What is micro economics?', 250, 'Active'),
(485, 'What is your name?', 250, 'Active'),
(486, 'What is micro economics?', 251, 'Active'),
(487, 'What is your name?', 251, 'Active'),
(488, 'What is your name?', 251, 'Active'),
(489, 'What is CEO of Comptech 4 All?', 251, 'Active'),
(490, 'National income is:-', 251, 'Active'),
(491, 'What is your name?', 253, 'Active'),
(492, 'What is CEO of Comptech 4 All?', 253, 'Active'),
(493, 'What is micro economics?', 254, 'Active'),
(494, 'What is your name?', 254, 'Active'),
(495, 'What is micro economics?', 255, 'Active'),
(496, 'What is your name?', 255, 'Active'),
(497, 'What is micro economics?', 256, 'Active'),
(498, 'What is your name?', 256, 'Active'),
(499, 'What is CEO of Comptech 4 All?', 257, 'Active'),
(500, 'National income is:-', 257, 'Active'),
(501, 'What is micro economics?', 258, 'Active'),
(502, 'National income is:-', 258, 'Active'),
(503, 'What is micro economics?', 259, 'Active'),
(504, 'What is CEO of Comptech 4 All?', 259, 'Active'),
(505, 'What is your name?', 260, 'Active'),
(506, 'National income is:-', 260, 'Active'),
(507, 'What is micro economics?', 261, 'Active'),
(508, 'What is your name?', 261, 'Active'),
(509, 'What is your name?', 264, 'Active'),
(510, 'What is CEO of Comptech 4 All?', 264, 'Active'),
(511, 'What is your name?', 265, 'Active'),
(512, 'What is your name?', 274, 'Active'),
(513, 'National income is:-', 274, 'Active'),
(514, 'What is your name?', 276, 'Active'),
(515, 'What is CEO of Comptech 4 All?', 276, 'Active'),
(516, 'What is micro economics?', 279, 'Active'),
(517, 'What is CEO of Comptech 4 All?', 279, 'Active'),
(518, 'What is CEO of Comptech 4 All?', 280, 'Active'),
(519, 'What is your name?', 284, 'Active'),
(520, 'What is micro economics?', 286, 'Active'),
(521, 'What is your name?', 286, 'Active'),
(522, 'What type of program is QuarkXPress?', 287, 'Active'),
(523, 'Encyclopedias and street maps are:', 287, 'Active'),
(524, 'What is the first stage in using application software?', 287, 'Active'),
(525, 'What is the extension for a web page document?', 287, 'Active'),
(526, 'What type of program is QuarkXPress?', 288, 'Active'),
(527, 'What type of program is QuarkXPress?', 288, 'Active'),
(528, 'What type of program is QuarkXPress?', 288, 'Active'),
(529, 'What type of program is QuarkXPress?', 288, 'Active'),
(530, 'What type of program is QuarkXPress?', 288, 'Active'),
(531, 'What type of program is QuarkXPress?', 289, 'Active'),
(532, 'Enyclopedias and street maps are:', 289, 'Active'),
(533, 'What is the first stage in using applicationsoftware?', 289, 'Active'),
(534, 'What is the extension for a web page document?', 289, 'Active'),
(535, 'What is micro economics?', 294, 'Active'),
(536, 'What is micro economics?', 295, 'Active'),
(537, 'What is CEO of Comptech 4 All?', 295, 'Active'),
(538, 'What is your name?', 296, 'Active'),
(539, 'What is CEO of Comptech 4 All?', 296, 'Active'),
(540, 'What is your name?', 297, 'Active'),
(541, 'What is CEO of Comptech 4 All?', 297, 'Active'),
(542, 'What is your name?', 298, 'Active'),
(543, 'What is CEO of Comptech 4 All?', 298, 'Active'),
(544, 'What is your name?', 299, 'Active'),
(545, 'What is CEO of Comptech 4 All?', 299, 'Active'),
(546, 'What is your name?', 300, 'Active'),
(547, 'What is CEO of Comptech 4 All?', 300, 'Active'),
(548, 'What is your name?', 301, 'Active'),
(549, 'What is CEO of Comptech 4 All?', 302, 'Active'),
(550, 'What is your name?', 302, 'Active'),
(551, 'What is your name?', 303, 'Active'),
(552, 'What is CEO of Comptech 4 All?', 303, 'Active'),
(553, 'My sister insisted___________coming with us.', 304, 'Active'),
(554, 'What is micro economics?', 304, 'Active'),
(555, 'What is your name?', 306, 'Active'),
(556, 'What is your name?', 306, 'Active'),
(557, 'What is your name?', 365, 'Active'),
(558, 'What is your name?', 372, 'Active'),
(559, 'What is CEO of Comptech 4 All?', 372, 'Active'),
(560, 'What is your name?', 373, 'Active'),
(561, 'What is CEO of Comptech 4 All?', 373, 'Active'),
(562, 'What is your name?', 387, 'Active'),
(563, 'What is your name?', 388, 'Active'),
(564, 'What is your name?', 390, 'Active'),
(565, 'National income is:-', 390, 'Active'),
(566, 'What is your name?', 395, 'Active'),
(567, 'What is micro economics?', 396, 'Active'),
(568, 'What is CEO of Comptech 4 All?', 397, 'Active'),
(569, 'What is micro economics? what is micro ?', 399, 'Active'),
(570, 'What is your name?', 399, 'Active'),
(571, 'What is your name?', 400, 'Active'),
(572, 'What is your name?', 401, 'Active'),
(573, 'What is micro economics?', 401, 'Active'),
(574, 'What is micro economics?', 403, 'Active'),
(575, 'My name is kashif ali?', 404, 'Active'),
(576, 'What is your name?', 405, 'Active'),
(577, 'What is micro economics?', 407, 'Active'),
(578, 'What is your name?', 408, 'Active'),
(579, 'What is micro economics?', 410, 'Active'),
(580, 'What is micro economics?', 412, 'Active'),
(581, 'What is micro economics?', 417, 'Active'),
(582, 'What is CEO of Comptech 4 All?', 417, 'Active'),
(583, 'What is your name?', 419, 'Active'),
(584, 'What is micro economics?', 421, 'Active'),
(585, 'What is micro economics?', 423, 'Active'),
(586, 'What is your name?', 424, 'Active'),
(587, 'What is CEO of Comptech 4 All?', 424, 'Active'),
(588, 'What is micro economics?', 425, 'Active'),
(589, 'What is your name?', 426, 'Active'),
(590, 'What is micro economics?', 427, 'Active'),
(591, 'What is your name?', 428, 'Active'),
(592, 'What is micro economics?', 429, 'Active'),
(593, 'What is micro economics?', 430, 'Active'),
(594, 'What is micro economics?', 431, 'Active'),
(595, 'What is micro economics?', 432, 'Active'),
(596, 'What is your name?', 434, 'Active'),
(597, 'What is your name?', 435, 'Active'),
(598, 'What is micro economics?jhgjgjhgjgj', 436, 'Active'),
(599, 'What is micro economics?', 437, 'Active'),
(600, 'What is your name?', 437, 'Active'),
(601, 'What is micro economics?', 438, 'Active'),
(602, 'What is your name?', 438, 'Block'),
(603, 'What is CEO of Comptech 4 All?', 438, 'Active'),
(604, 'What is your name?fdfgdgdfggf', 439, 'Active'),
(605, 'What is micro economics?', 440, 'Active'),
(606, 'What is your name?', 441, 'Active'),
(607, 'What is your name?', 442, 'Active'),
(608, 'What is CEO of Comptech 4 All?', 442, 'Active'),
(609, 'What is micro economics?', 443, 'Active'),
(610, 'What is your name?', 443, 'Active'),
(611, 'What is your name?', 444, 'Active'),
(612, 'What is your name?', 445, 'Active'),
(613, 'What is micro economics?', 446, 'Active'),
(614, 'What is CEO of Comptech 4 All?', 446, 'Active'),
(615, 'What is micro economics?', 447, 'Active'),
(616, 'Who is the president of Pakistan?', 448, 'Active'),
(617, 'What is micro economics?', 449, 'Active'),
(618, 'What is micro economics?', 450, 'Active'),
(619, 'National income is:-', 450, 'Active'),
(620, 'What is micro economics?', 450, 'Active'),
(621, 'National income is:-', 450, 'Active'),
(622, 'What is micro economics?', 450, 'Active'),
(623, 'National income is:-', 450, 'Active'),
(624, 'What is micro economics?', 451, 'Active'),
(625, 'What is CEO of Comptech 4 All?', 451, 'Active'),
(626, 'What is micro economics?', 452, 'Active'),
(627, 'Who is the examinar incharge?', 453, 'Active'),
(628, 'What is micro economics?', 457, 'Active'),
(629, 'What is your name?', 457, 'Active'),
(630, 'What is micro economics?', 458, 'Active'),
(631, 'What is your name?', 459, 'Active'),
(632, 'What is difference between the kernel and operating system ?', 461, 'Active'),
(633, 'What is update session and morning session?dfdfdff', 461, 'Active'),
(634, 'What is difference between the kernel and operating system ?', 462, 'Active'),
(635, 'What is CEO of Comptech 4 All?', 462, 'Active'),
(636, 'What is micro economics?', 466, 'Active'),
(637, 'What is CEO of Comptech 4 All?', 466, 'Active'),
(638, 'What is micro economics?', 467, 'Active'),
(639, 'What is CEO of Comptech 4 All?', 467, 'Active'),
(640, 'What is micro economics?', 467, 'Active'),
(641, 'What is micro economics?', 467, 'Active'),
(642, 'What is your name?', 468, 'Active'),
(643, 'What is micro economics?', 468, 'Active'),
(644, 'What is micro economics?', 469, 'Active'),
(645, 'What is your name?', 469, 'Active'),
(646, 'What is micro economics?', 470, 'Active'),
(647, 'What is your name?', 470, 'Active'),
(648, 'What is micro economics?', 473, 'Active'),
(649, 'What is CEO of Comptech 4 All?', 473, 'Active'),
(650, 'What is micro economics?', 475, 'Active'),
(651, 'What is your name?', 475, 'Active'),
(652, 'What is micro economics?', 475, 'Active'),
(653, 'What is your name?', 475, 'Active'),
(654, 'What is micro economics?', 476, 'Active'),
(655, 'What is your name?', 476, 'Active'),
(656, 'What is micro economics?', 477, 'Active'),
(657, 'What is micro economics?', 477, 'Active'),
(658, 'What is micro economics?', 478, 'Active'),
(659, 'What is your name?', 478, 'Active'),
(660, 'What is micro economics?', 479, 'Active'),
(661, 'What is computer ?', 481, 'Active'),
(662, 'What is micro economics?', 481, 'Active'),
(663, 'dsfdsfdsfdsfdsfdfdsfdddfdsfdsf', 482, 'Active'),
(664, 'MY NAME IS KASHIF ALI AND MY FATHER NAME IS ZAHID HUSSAIN', 483, 'Active'),
(665, 'What is micro economics?', 486, 'Active'),
(666, 'What is micro economics?sdfdsfd', 487, 'Active'),
(667, 'What is micro economics?', 488, 'Active'),
(668, 'What is your name?', 488, 'Active'),
(669, 'What is micro economics?', 489, 'Active'),
(670, 'What is your name?', 489, 'Active'),
(671, 'Who is Prime Minister Of Pakistan?', 489, 'Active'),
(672, 'What is CEO of Comptech 4 All?', 489, 'Active'),
(673, 'What is Fiscal Policy:-', 489, 'Active'),
(674, 'What is micro economics?', 490, 'Active'),
(675, 'What is your name?', 490, 'Active'),
(676, 'What is micro economics?', 491, 'Active'),
(677, 'What is micro economics?', 493, 'Active'),
(678, 'What is micro economics?', 495, 'Active'),
(679, 'What is your name?', 495, 'Active'),
(680, 'What is CEO of Comptech 4 All?', 495, 'Active'),
(681, 'What is micro economics?', 495, 'Active'),
(682, 'National income is:-', 495, 'Active'),
(683, 'What is micro economics?', 497, 'Active'),
(684, 'What is your name?', 498, 'Active'),
(685, 'What is micro economics?', 502, 'Active'),
(686, 'What is micro economics?', 503, 'Active'),
(687, 'What is CEO of Comptech 4 All?', 503, 'Active'),
(688, 'What is micro economics?', 504, 'Active'),
(689, 'What is your name?', 505, 'Active'),
(690, 'What is micro economics?', 505, 'Active'),
(691, 'What is micro economics?', 506, 'Active'),
(692, 'Muhammad Ghayas Sahb ?', 507, 'Active'),
(693, 'What is micro economics?', 508, 'Active'),
(694, 'What is micro economics?', 509, 'Active'),
(695, 'What is micro economics?', 510, 'Active'),
(696, 'Who is the prime minister of England ?', 511, 'Active'),
(697, 'What is CEO of Comptech 4 All?', 512, 'Active'),
(698, 'What is micro economics?', 513, 'Active'),
(699, 'What is your name?', 513, 'Active'),
(700, 'What is CEO of Comptech 4 All?', 513, 'Active'),
(701, 'What is micro economics?', 514, 'Active'),
(702, 'What is micro economics?', 515, 'Active'),
(703, 'What is micro economics?', 519, 'Active'),
(704, 'What is micro economics?', 520, 'Active'),
(705, 'What is micro economics?', 521, 'Active'),
(706, 'National income is:-', 522, 'Active'),
(707, 'What is micro economics?', 523, 'Active'),
(708, 'What is CEO of Comptech 4 All?', 523, 'Active'),
(709, 'What is your name?', 524, 'Active'),
(710, 'What is your name?', 525, 'Active'),
(711, 'What is micro economics?', 531, 'Active'),
(712, 'What is your name?', 533, 'Active'),
(713, 'What is micro economics?', 541, 'Active'),
(714, 'What is micro economics?', 541, 'Active'),
(715, 'What is micro economics?', 542, 'Active'),
(716, 'What is your name?', 542, 'Active'),
(717, 'What is micro economics?', 543, 'Active'),
(718, 'What is CEO of Comptech 4 All?', 543, 'Active'),
(719, 'What is CEO of Comptech 4 All?', 544, 'Active'),
(720, 'What is micro economics?', 546, 'Active'),
(721, 'What is CEO of Comptech 4 All?', 550, 'Active'),
(722, 'What is micro economics?', 553, 'Active'),
(723, 'What is micro economics?', 554, 'Active'),
(724, 'What is your name?', 560, 'Active'),
(725, 'What is micro economics?', 562, 'Active'),
(726, 'What is micro economics?', 563, 'Active'),
(727, 'What is your name?', 564, 'Active'),
(728, 'What is micro economics?', 565, 'Active'),
(729, 'What is micro economics?', 566, 'Active'),
(730, 'What is micro economics?', 567, 'Active'),
(731, 'What is your name?', 568, 'Active'),
(732, 'What is micro economics?', 570, 'Active'),
(733, 'What is CEO of Comptech 4 All?', 571, 'Active'),
(734, 'What is your name?', 572, 'Active'),
(735, 'What is micro economics?', 573, 'Active'),
(736, 'What is micro economics?', 574, 'Active'),
(737, 'What is micro economics?', 575, 'Active'),
(738, 'What is micro economics?', 576, 'Active'),
(739, 'What is micro economics?', 577, 'Active'),
(740, 'What is micro economics?', 578, 'Active'),
(741, 'What is micro economics?', 579, 'Active'),
(742, 'What is micro economics?', 581, 'Active'),
(743, 'What is your name?', 581, 'Active'),
(744, 'What is your name?', 582, 'Active'),
(745, 'What is your name?', 583, 'Active'),
(746, 'What is micro economics?', 587, 'Active'),
(747, 'What is micro economics?', 588, 'Active'),
(748, 'What is micro economics?', 589, 'Active'),
(749, 'What is micro economics?', 590, 'Active'),
(750, 'What is micro economics?', 591, 'Active'),
(751, 'What is your name?', 593, 'Active'),
(752, 'What is micro economics?', 594, 'Active'),
(753, 'What is your name?', 595, 'Active'),
(754, 'What is CEO of Comptech 4 All?', 595, 'Active'),
(755, 'National income is:-', 595, 'Active'),
(756, 'What is your name?', 596, 'Active'),
(757, 'National income is:-', 596, 'Active'),
(758, 'What is micro economics?', 598, 'Active'),
(759, 'What is your name?', 598, 'Active'),
(760, 'What is micro economics?', 599, 'Active'),
(761, 'What is your name?', 603, 'Active'),
(762, 'What is micro economics?', 605, 'Active'),
(763, 'What is micro economics?', 606, 'Active'),
(764, 'What is micro economics?', 607, 'Active'),
(765, 'What is micro economics?', 608, 'Active'),
(766, 'What is micro economics?', 610, 'Active'),
(767, 'What is your name?', 611, 'Active'),
(768, 'What is micro economics?', 612, 'Active'),
(769, 'What is micro economics?', 613, 'Active'),
(770, 'What is micro economics?', 615, 'Active'),
(771, 'What is your name?', 615, 'Active'),
(772, 'What is micro economics?', 616, 'Active'),
(773, 'What is micro economics?', 618, 'Active'),
(774, 'What is micro economics?', 619, 'Active'),
(775, 'What is micro economics?', 620, 'Active'),
(776, 'What is micro economics?', 621, 'Active'),
(777, 'What is your name?', 622, 'Active'),
(778, 'What is your name?', 625, 'Active'),
(779, 'What is micro economics?', 628, 'Active'),
(780, 'What is your name?', 629, 'Active'),
(781, 'What is CEO of Comptech 4 All?', 629, 'Active'),
(782, 'What is micro economics?', 630, 'Active'),
(783, 'What is your name?', 630, 'Active'),
(784, 'What is micro economics?', 631, 'Active'),
(785, 'What is CEO of Comptech 4 All?', 631, 'Active'),
(786, 'What is micro economics?', 633, 'Active'),
(787, 'What is your name?', 633, 'Active'),
(788, 'What is micro economics?', 633, 'Active'),
(789, 'What is your name?', 633, 'Active'),
(790, 'What is micro economics?', 634, 'Active'),
(791, 'What is your name?dffd', 634, 'Active'),
(792, 'What is your name?', 638, 'Active'),
(793, 'What is CEO of Comptech 4 All?', 638, 'Active'),
(794, 'What is micro economics?dfdfdfffdfd', 639, 'Active'),
(795, 'What is your name?', 639, 'Active'),
(796, 'What is micro economics?', 641, 'Active'),
(797, 'What is your name?', 641, 'Active'),
(798, 'What is micro economics?', 642, 'Active'),
(799, 'What is your name?', 642, 'Active'),
(800, 'What is micro economics?', 644, 'Active'),
(801, 'What is micro economics?', 645, 'Active'),
(802, 'What is micro economics?', 646, 'Active'),
(803, 'What is your name?', 646, 'Active'),
(804, 'What is your name?', 646, 'Active'),
(805, 'What is your name?', 646, 'Active'),
(806, 'What is CEO of Comptech 4 All?', 646, 'Active'),
(807, 'What is CEO of Comptech 4 All?', 646, 'Active'),
(808, 'What is CEO of Comptech 4 All?', 646, 'Active'),
(809, 'What is micro economics?', 646, 'Active'),
(810, 'What is your name?', 646, 'Active'),
(811, 'What is CEO of Comptech 4 All?', 646, 'Active'),
(812, 'National income is:-', 646, 'Active'),
(813, 'National income is:-', 646, 'Active'),
(814, 'What is your name?', 646, 'Active'),
(815, 'What is your name?', 646, 'Active'),
(816, 'What is micro economics?', 646, 'Active'),
(817, 'What is micro economics?', 646, 'Active'),
(818, 'What is micro economics?', 646, 'Active'),
(819, 'What is your name?', 646, 'Active'),
(820, 'What is CEO of Comptech 4 All?', 646, 'Active'),
(821, 'What is micro economics?', 646, 'Active'),
(822, 'What is micro economics?', 647, 'Active'),
(823, 'What is micro economics?', 648, 'Active'),
(824, 'What is micro economics?', 650, 'Active'),
(825, 'What is micro economics?', 651, 'Active'),
(826, 'What is micro economics?', 653, 'Active'),
(827, 'What is micro economics?u', 653, 'Active'),
(828, 'What is your name?sd', 653, 'Active'),
(829, 'What is CEO of Comptech 4 All?sds', 653, 'Active'),
(830, 'What is micro economics?', 654, 'Active'),
(831, 'What is CEO of Comptech 4 All?', 654, 'Active'),
(832, 'What is micro economics?', 655, 'Active'),
(833, 'What is your name?', 655, 'Active'),
(834, 'What is micro economics?', 656, 'Active'),
(835, 'What is your name?dsf', 656, 'Active'),
(836, 'What is micro economics?', 661, 'Active'),
(837, 'What is your name?', 661, 'Active'),
(838, 'What is micro economics?', 662, 'Active'),
(839, 'What is your name?', 662, 'Active'),
(840, 'What is CEO of Comptech 4 All?', 662, 'Active'),
(841, 'National income is:-', 662, 'Active'),
(842, 'What is micro economics?', 663, 'Active'),
(843, 'What is your name? df', 663, 'Active'),
(844, 'What is CEO of Comptech 4 All?', 663, 'Active'),
(845, 'National income is:-', 663, 'Active'),
(846, 'What is micro economics?', 664, 'Active'),
(847, 'What is your name?', 664, 'Active'),
(848, 'What is micro economics? de', 664, 'Active'),
(849, 'National income is:-df', 664, 'Active'),
(850, 'What is micro economics?', 665, 'Active'),
(851, 'What is your name? ewrere', 665, 'Active'),
(852, 'What is micro economics? kjj', 665, 'Active'),
(853, 'What is micro economics? njh', 665, 'Active'),
(854, 'What is micro economics?', 667, 'Active'),
(855, 'What is your name?', 667, 'Active'),
(856, 'What is CEO of Comptech 4 All?', 667, 'Active'),
(857, 'What is micro economics? dffs', 667, 'Active'),
(858, 'What is micro economics?', 668, 'Active'),
(859, 'What is your name?', 668, 'Active'),
(860, 'What is CEO of Comptech 4 All?', 668, 'Active'),
(861, 'National income is:-', 668, 'Active'),
(862, 'What is micro economics?', 670, 'Active'),
(863, 'What is micro economics? dsf dsf', 670, 'Active'),
(864, 'What is your name?', 670, 'Active'),
(865, 'What is CEO of Comptech 4 All?', 670, 'Active'),
(866, 'What is micro economics?', 671, 'Active'),
(867, 'What is your name?', 671, 'Active'),
(868, 'what is your name ?', 673, 'Active'),
(869, 'what is your name ? sd', 673, 'Active'),
(870, 'what is your name ? rt', 673, 'Active'),
(871, 'what is your name ? xcv', 673, 'Active'),
(872, 'what is your name ? asd', 673, 'Active'),
(873, 'what is your name ?', 674, 'Active'),
(874, 'what is your name ? we', 674, 'Active'),
(875, 'what is your name ? asd', 674, 'Active'),
(876, 'what is your name ? rt', 674, 'Active'),
(877, 'what is your name ? zxczx', 674, 'Active'),
(878, 'what is your name ?', 676, 'Active'),
(879, 'what is your name ? asd', 676, 'Active'),
(880, 'what is your name ? rt', 676, 'Active'),
(881, 'what is your name ?', 677, 'Active'),
(882, 'what is your name ? asd', 677, 'Active'),
(883, 'what is your name ? rt', 677, 'Active'),
(884, 'what is your name ?', 678, 'Active'),
(885, 'what is your name ? asd', 678, 'Active'),
(886, 'what is your name ? rt', 678, 'Active'),
(887, 'what is your name ?', 679, 'Active'),
(888, 'what is your name ? asd', 679, 'Active'),
(889, 'what is your name ? rt', 679, 'Active'),
(890, 'what is your name ? zxczx', 679, 'Active'),
(891, 'what is your name ? rtjhgj', 679, 'Active'),
(892, 'what is your name ?', 680, 'Active'),
(893, 'what is your name ? asdsa', 680, 'Active'),
(894, 'what is your name ? ZXC fdsf', 680, 'Active'),
(895, 'what is your name ? asd', 680, 'Active'),
(896, 'what is your name ? asdSDFDSFDS', 680, 'Active'),
(897, 'what is your name ?', 683, 'Active'),
(898, 'what is your name ? asd', 683, 'Active'),
(899, 'what is your name ? asdSDFDSFDS', 683, 'Active'),
(900, 'what is your name ?', 684, 'Active'),
(901, 'what is your name ? asd', 684, 'Active'),
(902, 'what is your name ? rt', 684, 'Active'),
(903, 'what is your name ?', 685, 'Active'),
(904, 'what is your name ? asd', 685, 'Active'),
(905, 'what is your name ? rt', 685, 'Active'),
(906, 'what is your name ?', 686, 'Active'),
(907, 'what is your name ? asd', 686, 'Active'),
(908, 'what is your name ?', 687, 'Active'),
(909, 'what is your name ? asd', 687, 'Active'),
(910, 'what is your name ?', 688, 'Active'),
(911, 'what is your name ? asd', 688, 'Active'),
(912, 'what is your name ? asd 9898', 688, 'Active'),
(913, 'what is your name ? rtjhgj', 688, 'Active'),
(914, 'what is your name ?', 689, 'Active'),
(915, 'what is your name ? asd', 689, 'Active'),
(916, 'what is your name ?', 690, 'Active'),
(917, 'what is your name ? asd', 690, 'Active'),
(918, 'what is your name ?', 691, 'Active'),
(919, 'what is your name ? asd', 691, 'Active'),
(920, 'what is your name ?', 692, 'Active'),
(921, 'what is your name ? asd', 692, 'Active'),
(922, 'what is your name ?', 693, 'Active'),
(923, 'what is your name ? asd', 693, 'Active'),
(924, 'what is your name ? asd', 694, 'Active'),
(925, 'what is your name ? rt', 694, 'Active'),
(926, 'what is your name ?', 695, 'Active'),
(927, 'what is your name ? rt', 695, 'Active'),
(928, 'what is your name ?', 698, 'Active'),
(929, 'what is your name ? asd', 698, 'Active'),
(930, 'what is your name ?', 699, 'Active'),
(931, 'what is your name ?', 700, 'Active'),
(932, 'what is your name ?', 701, 'Active'),
(933, 'what is your name ?', 702, 'Active'),
(934, 'what is your name ?', 703, 'Active'),
(935, 'what is your name ?', 704, 'Active'),
(936, 'what is your name ?', 705, 'Active'),
(937, 'what is your _____________ name ?', 706, 'Active'),
(938, 'what is your name ?', 707, 'Active'),
(939, 'what is your name ?', 708, 'Active'),
(940, 'what is your name ?', 709, 'Active'),
(941, 'what is your name ? asd', 709, 'Active'),
(942, 'what is your name ?', 710, 'Active'),
(943, 'what is your name ? asd', 710, 'Active'),
(944, 'what is your name ?', 711, 'Active'),
(945, 'what is your name ? asd', 711, 'Active'),
(946, 'what is your name ?', 713, 'Active'),
(947, 'what is your name ? asd DSF', 713, 'Active'),
(948, 'what is your _____________ name ?', 715, 'Active'),
(949, 'what is your name ?', 715, 'Active'),
(950, 'what is your name ?', 716, 'Active'),
(951, 'what is your name ? asd', 716, 'Active'),
(952, 'what is your name ?', 717, 'Active'),
(953, 'what is your name ?', 718, 'Active'),
(954, 'what is your name ?', 719, 'Active'),
(955, 'what is your name ?', 720, 'Active'),
(956, 'what is your _____________ name ?', 721, 'Active'),
(957, 'what is your name ?', 722, 'Active'),
(958, 'what is your name ? asd', 722, 'Active'),
(959, 'what is your n\'ame ?', 723, 'Active'),
(960, 'what is your name ?\' asd DSF', 723, 'Active'),
(961, 'what is your name ?', 724, 'Active'),
(962, 'what is your name ? asd DSF', 724, 'Active'),
(963, 'what is your name ?', 726, 'Active'),
(964, 'what is your name ? asd', 726, 'Active'),
(965, 'what is your name ?', 726, 'Active'),
(966, 'what is your name ? asd', 726, 'Active'),
(967, 'what is your name ?', 726, 'Active'),
(968, 'what is your name ? asd', 726, 'Active'),
(969, 'what is your name ?', 726, 'Active'),
(970, 'what is your name ? asd', 726, 'Active'),
(971, 'what is your name ?', 727, 'Active'),
(972, 'what is your name ? asd', 727, 'Active'),
(973, 'what is your name ?', 728, 'Active'),
(974, 'what is your name ? df', 729, 'Active'),
(975, 'what is your name ?', 732, 'Active'),
(976, 'what is paper', 739, 'Active'),
(977, 'dfdf', 739, 'Active'),
(978, 'dsdff', 739, 'Active'),
(979, 'dff', 739, 'Active'),
(980, 'dfdf', 739, 'Active');

-- --------------------------------------------------------

--
-- Table structure for table `q_paper`
--

CREATE TABLE `q_paper` (
  `q_paper_id` int(11) NOT NULL,
  `q_paper_type_id` int(11) NOT NULL,
  `course_id` int(11) NOT NULL,
  `user_id` int(11) NOT NULL,
  `status` varchar(255) NOT NULL
) ENGINE=InnoDB DEFAULT CHARSET=latin1;

--
-- Dumping data for table `q_paper`
--

INSERT INTO `q_paper` (`q_paper_id`, `q_paper_type_id`, `course_id`, `user_id`, `status`) VALUES
(346, 15, 0, 0, 'Active'),
(347, 15, 0, 0, 'Active'),
(348, 15, 0, 75, 'Active'),
(349, 15, 0, 76, 'Active'),
(350, 15, 0, 76, 'Active'),
(351, 15, 0, 0, ''),
(352, 15, 0, 0, ''),
(353, 15, 0, 0, ''),
(354, 15, 0, 0, 'Active'),
(355, 16, 28, 0, 'Active'),
(356, 15, 29, 0, 'Active'),
(357, 15, 28, 0, ''),
(358, 15, 30, 76, 'Active'),
(359, 15, 28, 76, 'Active'),
(360, 15, 27, 76, 'Active'),
(361, 15, 28, 76, 'Active'),
(362, 15, 28, 76, 'Active'),
(363, 16, 26, 76, 'Active'),
(364, 15, 28, 76, 'Active'),
(365, 16, 29, 78, 'Active'),
(366, 15, 29, 78, 'Active'),
(367, 15, 30, 78, 'Active'),
(368, 16, 30, 78, 'Active'),
(369, 15, 29, 78, 'Active'),
(370, 15, 28, 76, 'Active'),
(371, 16, 28, 76, 'Active'),
(372, 15, 29, 76, 'Active'),
(373, 15, 28, 76, 'Active'),
(374, 15, 29, 76, 'Active'),
(375, 15, 28, 76, 'Active'),
(376, 15, 27, 76, 'Active'),
(377, 15, 29, 76, 'Active'),
(378, 15, 28, 76, 'Active'),
(379, 15, 26, 76, 'Active'),
(380, 15, 30, 76, 'Active'),
(381, 15, 26, 76, 'Active'),
(382, 15, 27, 76, 'Active'),
(383, 15, 28, 76, 'Active'),
(384, 15, 30, 76, 'Active'),
(385, 15, 29, 76, 'Active'),
(386, 15, 26, 76, 'Active'),
(387, 15, 29, 76, 'Active'),
(388, 15, 28, 76, 'Active'),
(389, 15, 29, 76, 'Active'),
(390, 15, 30, 76, 'Active'),
(391, 15, 27, 76, 'Active'),
(392, 15, 29, 76, 'Active'),
(393, 15, 27, 76, 'Active'),
(394, 15, 27, 76, 'Active'),
(395, 15, 29, 76, 'Active'),
(396, 15, 28, 76, 'Active'),
(397, 15, 28, 76, 'Active'),
(398, 15, 27, 76, 'Active'),
(399, 15, 29, 76, 'Active'),
(400, 15, 30, 76, 'Active'),
(401, 16, 26, 76, 'Active'),
(402, 15, 27, 76, 'Active'),
(403, 15, 28, 76, 'Active'),
(404, 15, 27, 76, 'Active'),
(405, 15, 28, 76, 'Active'),
(406, 15, 28, 76, 'Active'),
(407, 15, 26, 76, 'Active'),
(408, 16, 26, 76, 'Active'),
(409, 15, 27, 76, 'Active'),
(410, 15, 29, 76, 'Active'),
(411, 15, 26, 76, 'Active'),
(412, 15, 28, 76, 'Active'),
(413, 15, 26, 76, 'Active'),
(414, 15, 27, 76, 'Active'),
(415, 15, 27, 76, 'Active'),
(416, 15, 28, 76, 'Active'),
(417, 15, 27, 76, 'Active'),
(418, 15, 27, 76, 'Active'),
(419, 15, 26, 76, 'Active'),
(420, 15, 27, 76, 'Active'),
(421, 15, 26, 76, 'Active'),
(422, 15, 26, 76, 'Active'),
(423, 15, 27, 76, 'Active'),
(424, 15, 26, 76, 'Active'),
(425, 15, 26, 76, 'Active'),
(426, 15, 26, 76, 'Active'),
(427, 15, 28, 76, 'Active'),
(428, 15, 28, 76, 'Active'),
(429, 15, 26, 76, 'Active'),
(430, 15, 26, 76, 'Active'),
(431, 15, 26, 76, 'Active'),
(432, 15, 29, 76, 'Active'),
(433, 15, 28, 76, 'Active'),
(434, 15, 26, 76, 'Active'),
(435, 15, 26, 76, 'Active'),
(436, 15, 27, 76, 'Active'),
(437, 15, 26, 76, 'Active'),
(438, 15, 28, 76, 'Active'),
(439, 15, 26, 76, 'Active'),
(440, 15, 26, 76, 'Active'),
(441, 15, 26, 76, 'Active'),
(442, 15, 26, 76, 'Active'),
(443, 15, 27, 76, 'Active'),
(444, 15, 27, 76, 'Active'),
(445, 15, 26, 76, 'Active'),
(446, 15, 26, 76, 'Active'),
(447, 15, 26, 76, 'Active'),
(448, 15, 26, 76, 'Active'),
(449, 15, 27, 76, 'Active'),
(450, 15, 26, 76, 'Active'),
(451, 15, 26, 76, 'Active'),
(452, 15, 26, 76, 'Active'),
(453, 15, 29, 76, 'Active'),
(454, 15, 28, 76, 'Active'),
(455, 15, 26, 76, 'Active'),
(456, 15, 27, 76, 'Active'),
(457, 15, 27, 76, 'Active'),
(458, 15, 26, 76, 'Active'),
(459, 15, 27, 76, 'Active'),
(460, 15, 27, 76, 'Active'),
(461, 15, 26, 76, 'Active'),
(462, 15, 28, 76, 'Active'),
(463, 15, 29, 76, 'Active'),
(464, 15, 26, 76, 'Active'),
(465, 15, 27, 76, 'Active'),
(466, 15, 27, 76, 'Active'),
(467, 15, 26, 76, 'Active'),
(468, 15, 26, 76, 'Active'),
(469, 15, 26, 76, 'Active'),
(470, 15, 27, 76, 'Active'),
(471, 15, 28, 76, 'Active'),
(472, 15, 30, 76, 'Active'),
(473, 15, 26, 76, 'Active'),
(474, 15, 26, 76, 'Active'),
(475, 15, 26, 76, 'Active'),
(476, 15, 27, 76, 'Active'),
(477, 15, 26, 76, 'Active'),
(478, 15, 27, 76, 'Active'),
(479, 15, 27, 76, 'Active'),
(480, 15, 29, 76, 'Active'),
(481, 15, 26, 76, 'Active'),
(482, 15, 28, 76, 'Active'),
(483, 15, 28, 76, 'Active'),
(484, 15, 29, 76, 'Active'),
(485, 15, 28, 76, 'Active'),
(486, 15, 26, 76, 'Active'),
(487, 15, 28, 76, 'Active'),
(488, 15, 26, 76, 'Active'),
(489, 15, 28, 76, 'Active'),
(490, 15, 26, 76, 'Active'),
(491, 15, 27, 76, 'Active'),
(492, 15, 26, 76, 'Active'),
(493, 15, 29, 76, 'Active'),
(494, 15, 27, 76, 'Active'),
(495, 15, 28, 76, 'Active'),
(496, 15, 28, 76, 'Active'),
(497, 15, 28, 76, 'Active'),
(498, 15, 27, 76, 'Active'),
(499, 16, 28, 81, 'Active'),
(500, 18, 28, 81, 'Active'),
(501, 18, 29, 81, 'Active'),
(502, 16, 29, 76, 'Active'),
(503, 17, 28, 81, 'Active'),
(504, 15, 28, 76, 'Active'),
(505, 18, 32, 82, 'Active'),
(506, 19, 30, 82, 'Active'),
(507, 18, 30, 82, 'Active'),
(508, 18, 30, 82, 'Active'),
(509, 18, 30, 82, 'Active'),
(510, 18, 30, 82, 'Active'),
(511, 19, 26, 76, 'Active'),
(512, 19, 27, 76, 'Active'),
(513, 18, 28, 76, 'Active'),
(514, 19, 27, 76, 'Active'),
(515, 19, 27, 76, 'Active'),
(516, 19, 27, 76, 'Active'),
(517, 19, 27, 76, 'Active'),
(518, 18, 30, 76, 'Active'),
(519, 19, 26, 76, 'Active'),
(520, 19, 26, 76, 'Active'),
(521, 18, 28, 76, 'Active'),
(522, 19, 26, 76, 'Active'),
(523, 18, 26, 76, 'Active'),
(524, 19, 26, 76, 'Active'),
(525, 19, 28, 76, 'Active'),
(526, 19, 26, 76, 'Active'),
(527, 19, 26, 76, 'Active'),
(528, 18, 26, 76, 'Active'),
(529, 18, 26, 76, 'Active'),
(530, 18, 26, 76, 'Active'),
(531, 18, 26, 76, 'Active'),
(532, 18, 26, 76, 'Active'),
(533, 18, 26, 76, 'Active'),
(534, 18, 26, 76, 'Active'),
(535, 18, 27, 76, 'Active'),
(536, 18, 26, 76, 'Active'),
(537, 18, 26, 76, 'Active'),
(538, 18, 26, 76, 'Active'),
(539, 18, 27, 76, 'Active'),
(540, 19, 26, 76, 'Active'),
(541, 19, 26, 76, 'Active'),
(542, 18, 26, 76, 'Active'),
(543, 19, 26, 76, 'Active'),
(544, 18, 26, 76, 'Active'),
(545, 19, 27, 76, 'Active'),
(546, 19, 26, 76, 'Active'),
(547, 18, 26, 76, 'Active'),
(548, 18, 27, 76, 'Active'),
(549, 19, 26, 76, 'Active'),
(550, 18, 26, 76, 'Active'),
(551, 19, 26, 76, 'Active'),
(552, 19, 27, 76, 'Active'),
(553, 18, 30, 76, 'Active'),
(554, 19, 28, 76, 'Active'),
(555, 19, 29, 76, 'Active'),
(556, 19, 27, 76, 'Active'),
(557, 19, 30, 76, 'Active'),
(558, 19, 26, 76, 'Active'),
(559, 19, 28, 76, 'Active'),
(560, 19, 27, 76, 'Active'),
(561, 19, 28, 76, 'Active'),
(562, 18, 26, 76, 'Active'),
(563, 19, 26, 76, 'Active'),
(564, 18, 26, 76, 'Active'),
(565, 19, 26, 76, 'Active'),
(566, 18, 26, 76, 'Active'),
(567, 18, 26, 76, 'Active'),
(568, 19, 26, 76, 'Active'),
(569, 19, 26, 76, 'Active'),
(570, 19, 26, 76, 'Active'),
(571, 19, 26, 76, 'Active'),
(572, 18, 26, 76, 'Active'),
(573, 19, 26, 76, 'Active'),
(574, 19, 26, 76, 'Active'),
(575, 19, 26, 76, 'Active'),
(576, 18, 26, 76, 'Active'),
(577, 18, 26, 76, 'Active'),
(578, 18, 26, 76, 'Active'),
(579, 19, 26, 76, 'Active'),
(580, 19, 26, 76, 'Active'),
(581, 19, 26, 76, 'Active'),
(582, 18, 26, 76, 'Active'),
(583, 18, 26, 76, 'Active'),
(584, 19, 26, 76, 'Active'),
(585, 18, 26, 76, 'Active'),
(586, 19, 27, 76, 'Active'),
(587, 19, 26, 76, 'Active'),
(588, 18, 28, 76, 'Active'),
(589, 18, 27, 76, 'Active'),
(590, 19, 26, 76, 'Active'),
(591, 19, 26, 76, 'Active'),
(592, 18, 26, 76, 'Active'),
(593, 19, 26, 76, 'Active'),
(594, 19, 27, 76, 'Active'),
(595, 19, 28, 76, 'Active'),
(596, 19, 27, 76, 'Active'),
(597, 19, 27, 76, 'Active'),
(598, 19, 26, 76, 'Active'),
(599, 19, 26, 76, 'Active'),
(600, 19, 27, 76, 'Active'),
(601, 18, 27, 76, 'Active'),
(602, 19, 29, 76, 'Active'),
(603, 19, 27, 76, 'Active'),
(604, 19, 26, 76, 'Active'),
(605, 19, 27, 76, 'Active'),
(606, 19, 26, 76, 'Active'),
(607, 19, 28, 76, 'Active'),
(608, 19, 27, 76, 'Active'),
(609, 19, 28, 76, 'Active'),
(610, 19, 27, 76, 'Active'),
(611, 19, 27, 76, 'Active'),
(612, 18, 26, 76, 'Active'),
(613, 19, 27, 76, 'Active'),
(614, 19, 27, 76, 'Active'),
(615, 19, 27, 76, 'Active'),
(616, 19, 26, 76, 'Active'),
(617, 19, 27, 76, 'Active'),
(618, 19, 27, 76, 'Active'),
(619, 19, 26, 76, 'Active'),
(620, 19, 26, 76, 'Active'),
(621, 19, 27, 76, 'Active'),
(622, 19, 26, 76, 'Active'),
(623, 19, 27, 76, 'Active'),
(624, 19, 27, 76, 'Active'),
(625, 19, 26, 76, 'Active'),
(626, 19, 27, 76, 'Active'),
(627, 19, 27, 76, 'Active'),
(628, 19, 27, 76, 'Active'),
(629, 19, 26, 76, 'Active'),
(630, 19, 28, 76, 'Active'),
(631, 19, 28, 76, 'Active'),
(632, 18, 30, 76, 'Active'),
(633, 19, 29, 76, 'Active'),
(634, 19, 29, 76, 'Active'),
(635, 18, 30, 76, 'Active'),
(636, 19, 27, 76, 'Active'),
(637, 18, 29, 76, 'Active'),
(638, 19, 27, 76, 'Active'),
(639, 19, 29, 76, 'Active'),
(640, 19, 27, 76, 'Active'),
(641, 19, 27, 76, 'Active'),
(642, 19, 27, 76, 'Active'),
(643, 19, 27, 76, 'Active'),
(644, 18, 27, 76, 'Active'),
(645, 19, 27, 76, 'Active'),
(646, 19, 27, 76, 'Active'),
(647, 19, 27, 76, 'Active'),
(648, 19, 27, 76, 'Active'),
(649, 19, 26, 76, 'Active'),
(650, 19, 27, 76, 'Active'),
(651, 19, 27, 76, 'Active'),
(652, 18, 29, 76, 'Active'),
(653, 19, 26, 76, 'Active'),
(654, 19, 26, 76, 'Active'),
(655, 19, 26, 76, 'Active'),
(656, 19, 26, 76, 'Active'),
(657, 19, 27, 76, 'Active'),
(658, 19, 26, 76, 'Active'),
(659, 19, 29, 76, 'Active'),
(660, 19, 27, 76, 'Active'),
(661, 19, 26, 76, 'Active'),
(662, 19, 27, 76, 'Active'),
(663, 19, 27, 76, 'Active'),
(664, 19, 27, 76, 'Active'),
(665, 19, 26, 76, 'Active'),
(666, 19, 27, 76, 'Active'),
(667, 19, 27, 76, 'Active'),
(668, 19, 27, 76, 'Active'),
(669, 19, 27, 76, 'Active'),
(670, 19, 27, 76, 'Active'),
(671, 19, 27, 76, 'Active'),
(672, 19, 27, 76, 'Active'),
(673, 19, 27, 76, 'Active'),
(674, 19, 27, 76, 'Active'),
(675, 19, 27, 76, 'Active'),
(676, 19, 26, 76, 'Active'),
(677, 19, 27, 76, 'Active'),
(678, 19, 27, 76, 'Active'),
(679, 19, 27, 76, 'Active'),
(680, 19, 26, 76, 'Active'),
(681, 19, 27, 76, 'Active'),
(682, 19, 27, 76, 'Active'),
(683, 19, 27, 76, 'Active'),
(684, 19, 27, 76, 'Active'),
(685, 18, 26, 76, 'Active'),
(686, 19, 27, 76, 'Active'),
(687, 18, 27, 76, 'Active'),
(688, 0, 27, 76, 'Active'),
(689, 19, 27, 76, 'Active'),
(690, 19, 27, 76, 'Active'),
(691, 19, 27, 76, 'Active'),
(692, 19, 26, 76, 'Active'),
(693, 19, 27, 76, 'Active'),
(694, 19, 26, 76, 'Active'),
(695, 19, 26, 76, 'Active'),
(696, 19, 26, 76, 'Active'),
(697, 19, 27, 76, 'Active'),
(698, 19, 26, 76, 'Active'),
(699, 19, 26, 76, 'Active'),
(700, 19, 26, 76, 'Active'),
(701, 19, 26, 76, 'Active'),
(702, 19, 26, 76, 'Active'),
(703, 19, 26, 76, 'Active'),
(704, 19, 27, 76, 'Active'),
(705, 19, 27, 76, 'Active'),
(706, 19, 27, 76, 'Active'),
(707, 19, 27, 76, 'Active'),
(708, 19, 27, 76, 'Active'),
(709, 19, 26, 76, 'Active'),
(710, 19, 27, 76, 'Active'),
(711, 19, 27, 76, 'Active'),
(712, 19, 28, 76, 'Active'),
(713, 19, 26, 76, 'Active'),
(714, 19, 27, 76, 'Active'),
(715, 19, 27, 76, 'Active'),
(716, 18, 26, 76, 'Active'),
(717, 19, 27, 76, 'Active'),
(718, 19, 27, 76, 'Active'),
(719, 19, 26, 76, 'Active'),
(720, 19, 26, 76, 'Active'),
(721, 19, 27, 76, 'Active'),
(722, 19, 26, 76, 'Active'),
(723, 19, 26, 76, 'Active'),
(724, 19, 26, 76, 'Active'),
(725, 19, 27, 76, 'Active'),
(726, 19, 26, 76, 'Active'),
(727, 19, 26, 76, 'Active'),
(728, 19, 26, 76, 'Active'),
(729, 19, 26, 76, 'Active'),
(730, 19, 26, 76, 'Active'),
(731, 19, 26, 76, 'Active'),
(732, 19, 27, 76, 'Active'),
(733, 19, 27, 76, 'Active'),
(734, 19, 27, 76, 'Active'),
(735, 19, 26, 76, 'Active'),
(736, 19, 26, 76, 'Active'),
(737, 19, 26, 76, 'Active'),
(738, 18, 29, 83, 'Active'),
(739, 18, 28, 84, 'Active'),
(740, 18, 30, 76, 'Active'),
(741, 19, 26, 76, 'Active'),
(742, 19, 27, 76, 'Active'),
(743, 19, 26, 76, 'Active'),
(744, 19, 27, 76, 'Active'),
(745, 19, 27, 76, 'Active'),
(746, 19, 27, 76, 'Active'),
(747, 19, 26, 76, 'Active'),
(748, 19, 27, 76, 'Active'),
(749, 19, 27, 76, 'Active'),
(750, 19, 26, 76, 'Active'),
(751, 19, 27, 76, 'Active'),
(752, 19, 26, 76, 'Active'),
(753, 19, 26, 76, 'Active'),
(754, 19, 26, 76, 'Active');

-- --------------------------------------------------------

--
-- Table structure for table `q_paper_type`
--

CREATE TABLE `q_paper_type` (
  `q_paper_type_id` int(11) NOT NULL,
  `ques_type` varchar(50) NOT NULL,
  `status` varchar(50) NOT NULL
) ENGINE=InnoDB DEFAULT CHARSET=latin1;

--
-- Dumping data for table `q_paper_type`
--

INSERT INTO `q_paper_type` (`q_paper_type_id`, `ques_type`, `status`) VALUES
(18, 'Round 1', 'Active'),
(19, 'Round 2', 'Active');

-- --------------------------------------------------------

--
-- Table structure for table `q_p_formate`
--

CREATE TABLE `q_p_formate` (
  `q_p_formate_id` int(11) NOT NULL,
  `formate` varchar(500) NOT NULL,
  `total_marks` float NOT NULL,
  `mcq` varchar(255) NOT NULL,
  `fb` varchar(255) NOT NULL,
  `tf` varchar(255) NOT NULL,
  `sq` varchar(255) NOT NULL,
  `lq` varchar(255) NOT NULL,
  `q_paper_id` int(11) NOT NULL,
  `status` varchar(500) NOT NULL
) ENGINE=InnoDB DEFAULT CHARSET=latin1;

--
-- Dumping data for table `q_p_formate`
--

INSERT INTO `q_p_formate` (`q_p_formate_id`, `formate`, `total_marks`, `mcq`, `fb`, `tf`, `sq`, `lq`, `q_paper_id`, `status`) VALUES
(266, 'Objective', 2, 'MCQs', '-----', '-----', '-----', '-----', 363, 'Active'),
(267, 'Mix', 11, 'MCQs', 'Fill in Blanks', 'True False', 'Short Questions', 'Long Questions', 364, 'Active'),
(268, 'Objective', 1, 'MCQs', '-----', '-----', '-----', '-----', 365, 'Active'),
(269, 'Objective', 1, '-----', 'Fill in Blanks', '-----', '-----', '-----', 366, 'Active'),
(270, 'Objective', 1, '-----', '-----', 'True False', '-----', '-----', 367, 'Active'),
(271, 'Subjective', 3, '-----', '-----', '-----', 'Short Questions', '-----', 368, 'Active'),
(272, 'Subjective', 2, '-----', '-----', '-----', '-----', 'Long Questions', 369, 'Active'),
(273, 'Objective', 2, '-----', 'Fill in Blanks', '-----', '-----', '-----', 370, 'Active'),
(274, 'Objective', 2, '-----', '-----', 'True False', '-----', '-----', 371, 'Active'),
(275, 'Objective', 2, 'MCQs', '-----', '-----', '-----', '-----', 372, 'Active'),
(276, 'Objective', 2, 'MCQs', '-----', '-----', '-----', '-----', 373, 'Active'),
(277, 'Objective', 2, '-----', 'Fill in Blanks', '-----', '-----', '-----', 374, 'Active'),
(278, 'Objective', 2, '-----', 'Fill in Blanks', '-----', '-----', '-----', 376, 'Active'),
(279, 'Objective', 1, '-----', '-----', 'True False', '-----', '-----', 377, 'Active'),
(280, 'Objective', 1, '-----', '-----', 'True False', '-----', '-----', 378, 'Active'),
(281, 'Objective', 1, '-----', '-----', 'True False', '-----', '-----', 379, 'Active'),
(282, 'Objective', 2, '-----', '-----', 'True False', '-----', '-----', 380, 'Active'),
(283, 'Objective', 1, '-----', '-----', 'True False', '-----', '-----', 381, 'Active'),
(284, 'Objective', 1, '-----', '-----', 'True False', '-----', '-----', 382, 'Active'),
(285, 'Objective', 2, '-----', '-----', 'True False', '-----', '-----', 383, 'Active'),
(286, 'Objective', 2, '-----', '-----', 'True False', '-----', '-----', 384, 'Active'),
(287, 'Objective', 2, '-----', '-----', 'True False', '-----', '-----', 385, 'Active'),
(288, 'Objective', 2, '-----', '-----', 'True False', '-----', '-----', 386, 'Active'),
(289, 'Objective', 4, 'MCQs', 'Fill in Blanks', '-----', '-----', '-----', 387, 'Active'),
(290, 'Objective', 2, 'MCQs', 'Fill in Blanks', '-----', '-----', '-----', 388, 'Active'),
(291, 'Objective', 2, 'MCQs', '-----', '-----', '-----', '-----', 390, 'Active'),
(292, 'Objective', 1, '-----', '-----', 'True False', '-----', '-----', 391, 'Active'),
(293, 'Objective', 2, 'MCQs', '-----', '-----', '-----', '-----', 394, 'Active'),
(294, 'Objective', 1, 'MCQs', '-----', '-----', '-----', '-----', 395, 'Active'),
(295, 'Objective', 2, 'MCQs', 'Fill in Blanks', '-----', '-----', '-----', 396, 'Active'),
(296, 'Objective', 2, 'MCQs', '-----', 'True False', '-----', '-----', 397, 'Active'),
(297, 'Objective', 2, '-----', '-----', 'True False', '-----', '-----', 398, 'Active'),
(298, 'Objective', 2, 'MCQs', '-----', '-----', '-----', '-----', 399, 'Active'),
(299, 'Objective', 1, 'MCQs', '-----', '-----', '-----', '-----', 400, 'Active'),
(300, 'Objective', 2, 'MCQs', '-----', '-----', '-----', '-----', 401, 'Active'),
(301, 'Objective', 1, '-----', 'Fill in Blanks', '-----', '-----', '-----', 402, 'Active'),
(302, 'Objective', 2, 'MCQs', 'Fill in Blanks', '-----', '-----', '-----', 403, 'Active'),
(303, 'Objective', 2, 'MCQs', 'Fill in Blanks', '-----', '-----', '-----', 404, 'Active'),
(304, 'Objective', 2, 'MCQs', 'Fill in Blanks', '-----', '-----', '-----', 405, 'Active'),
(305, 'Objective', 2, 'MCQs', 'Fill in Blanks', '-----', '-----', '-----', 406, 'Active'),
(306, 'Objective', 2, 'MCQs', 'Fill in Blanks', '-----', '-----', '-----', 407, 'Active'),
(307, 'Objective', 2, 'MCQs', 'Fill in Blanks', '-----', '-----', '-----', 408, 'Active'),
(308, 'Objective', 2, 'MCQs', 'Fill in Blanks', '-----', '-----', '-----', 409, 'Active'),
(309, 'Objective', 2, 'MCQs', 'Fill in Blanks', '-----', '-----', '-----', 410, 'Active'),
(310, 'Objective', 2, 'MCQs', 'Fill in Blanks', '-----', '-----', '-----', 411, 'Active'),
(311, 'Objective', 2, 'MCQs', 'Fill in Blanks', '-----', '-----', '-----', 412, 'Active'),
(312, 'Objective', 2, 'MCQs', 'Fill in Blanks', '-----', '-----', '-----', 413, 'Active'),
(313, 'Objective', 2, 'MCQs', 'Fill in Blanks', '-----', '-----', '-----', 414, 'Active'),
(314, 'Objective', 2, 'MCQs', 'Fill in Blanks', '-----', '-----', '-----', 415, 'Active'),
(315, 'Objective', 2, 'MCQs', 'Fill in Blanks', '-----', '-----', '-----', 416, 'Active'),
(316, 'Objective', 4, 'MCQs', 'Fill in Blanks', '-----', '-----', '-----', 417, 'Active'),
(317, 'Objective', 4, 'MCQs', 'Fill in Blanks', '-----', '-----', '-----', 418, 'Active'),
(318, 'Objective', 2, 'MCQs', 'Fill in Blanks', '-----', '-----', '-----', 419, 'Active'),
(319, 'Objective', 2, 'MCQs', 'Fill in Blanks', '-----', '-----', '-----', 420, 'Active'),
(320, 'Objective', 2, 'MCQs', 'Fill in Blanks', '-----', '-----', '-----', 421, 'Active'),
(321, 'Objective', 2, 'MCQs', 'Fill in Blanks', '-----', '-----', '-----', 422, 'Active'),
(322, 'Objective', 2, 'MCQs', 'Fill in Blanks', '-----', '-----', '-----', 423, 'Active'),
(323, 'Objective', 4, 'MCQs', 'Fill in Blanks', '-----', '-----', '-----', 424, 'Active'),
(324, 'Objective', 2, 'MCQs', 'Fill in Blanks', '-----', '-----', '-----', 425, 'Active'),
(325, 'Objective', 2, 'MCQs', 'Fill in Blanks', '-----', '-----', '-----', 426, 'Active'),
(326, 'Objective', 2, 'MCQs', 'Fill in Blanks', '-----', '-----', '-----', 427, 'Active'),
(327, 'Objective', 2, 'MCQs', 'Fill in Blanks', '-----', '-----', '-----', 428, 'Active'),
(328, 'Objective', 2, 'MCQs', 'Fill in Blanks', '-----', '-----', '-----', 429, 'Active'),
(329, 'Objective', 2, 'MCQs', 'Fill in Blanks', '-----', '-----', '-----', 430, 'Active'),
(330, 'Objective', 2, 'MCQs', 'Fill in Blanks', '-----', '-----', '-----', 431, 'Active'),
(331, 'Objective', 2, 'MCQs', 'Fill in Blanks', '-----', '-----', '-----', 432, 'Active'),
(332, 'Objective', 2, 'MCQs', 'Fill in Blanks', '-----', '-----', '-----', 433, 'Active'),
(333, 'Objective', 2, 'MCQs', 'Fill in Blanks', '-----', '-----', '-----', 434, 'Active'),
(334, 'Objective', 2, 'MCQs', 'Fill in Blanks', '-----', '-----', '-----', 435, 'Active'),
(335, 'Objective', 2, 'MCQs', 'Fill in Blanks', '-----', '-----', '-----', 436, 'Active'),
(336, 'Objective', 2, 'MCQs', '-----', '-----', '-----', '-----', 437, 'Active'),
(337, 'Objective', 5, 'MCQs', 'Fill in Blanks', '-----', '-----', '-----', 438, 'Active'),
(338, 'Objective', 2, 'MCQs', 'Fill in Blanks', '-----', '-----', '-----', 439, 'Active'),
(339, 'Objective', 1, 'MCQs', '-----', '-----', '-----', '-----', 440, 'Active'),
(340, 'Objective', 2, 'MCQs', 'Fill in Blanks', '-----', '-----', '-----', 441, 'Active'),
(341, 'Objective', 4, 'MCQs', 'Fill in Blanks', '-----', '-----', '-----', 442, 'Active'),
(342, 'Objective', 2, 'MCQs', '-----', 'True False', '-----', '-----', 443, 'Active'),
(343, 'Objective', 2, 'MCQs', '-----', 'True False', '-----', '-----', 444, 'Active'),
(344, 'Objective', 2, 'MCQs', '-----', 'True False', '-----', '-----', 445, 'Active'),
(345, 'Objective', 4, 'MCQs', '-----', 'True False', '-----', '-----', 446, 'Active'),
(346, 'Objective', 3, 'MCQs', 'Fill in Blanks', 'True False', '-----', '-----', 447, 'Active'),
(347, 'Objective', 2, 'MCQs', '-----', 'True False', '-----', '-----', 448, 'Active'),
(348, 'Objective', 2, 'MCQs', '-----', 'True False', '-----', '-----', 449, 'Active'),
(349, 'Objective', 4, 'MCQs', '-----', 'True False', '-----', '-----', 450, 'Active'),
(350, 'Objective', 4, 'MCQs', '-----', 'True False', '-----', '-----', 451, 'Active'),
(351, 'Objective', 2, 'MCQs', '-----', 'True False', '-----', '-----', 452, 'Active'),
(352, 'Objective', 2, 'MCQs', 'Fill in Blanks', '-----', '-----', '-----', 453, 'Active'),
(353, 'Objective', 4, 'MCQs', 'Fill in Blanks', '-----', '-----', '-----', 454, 'Active'),
(354, 'Objective', 2, 'MCQs', 'Fill in Blanks', '-----', '-----', '-----', 455, 'Active'),
(355, 'Objective', 2, 'MCQs', 'Fill in Blanks', '-----', '-----', '-----', 456, 'Active'),
(356, 'Objective', 2, 'MCQs', '-----', '-----', '-----', '-----', 457, 'Active'),
(357, 'Objective', 2, 'MCQs', 'Fill in Blanks', '-----', '-----', '-----', 458, 'Active'),
(358, 'Objective', 2, 'MCQs', '-----', 'True False', '-----', '-----', 459, 'Active'),
(359, 'Objective', 2, 'MCQs', 'Fill in Blanks', '-----', '-----', '-----', 460, 'Active'),
(360, 'Objective', 2, 'MCQs', '-----', '-----', '-----', '-----', 461, 'Active'),
(361, 'Objective', 2, 'MCQs', '-----', '-----', '-----', '-----', 462, 'Active'),
(362, 'Objective', 2, '-----', 'Fill in Blanks', '-----', '-----', '-----', 463, 'Active'),
(363, 'Objective', 2, '-----', '-----', 'True False', '-----', '-----', 464, 'Active'),
(364, 'Objective', 2, '-----', '-----', 'True False', '-----', '-----', 465, 'Active'),
(365, 'Objective', 2, 'MCQs', '-----', '-----', '-----', '-----', 466, 'Active'),
(366, 'Objective', 2, 'MCQs', '-----', '-----', '-----', '-----', 467, 'Active'),
(367, 'Objective', 2, 'MCQs', '-----', '-----', '-----', '-----', 468, 'Active'),
(368, 'Objective', 2, 'MCQs', '-----', '-----', '-----', '-----', 469, 'Active'),
(369, 'Objective', 2, 'MCQs', '-----', '-----', '-----', '-----', 470, 'Active'),
(370, 'Objective', 2, '-----', 'Fill in Blanks', '-----', '-----', '-----', 471, 'Active'),
(371, 'Objective', 2, '-----', '-----', 'True False', '-----', '-----', 472, 'Active'),
(372, 'Objective', 2, 'MCQs', '-----', '-----', '-----', '-----', 473, 'Active'),
(373, 'Objective', 2, 'MCQs', '-----', '-----', '-----', '-----', 474, 'Active'),
(374, 'Objective', 2, 'MCQs', '-----', '-----', '-----', '-----', 475, 'Active'),
(375, 'Objective', 2, 'MCQs', '-----', '-----', '-----', '-----', 476, 'Active'),
(376, 'Objective', 2, 'MCQs', '-----', '-----', '-----', '-----', 477, 'Active'),
(377, 'Objective', 2, 'MCQs', '-----', '-----', '-----', '-----', 478, 'Active'),
(378, 'Objective', 2, 'MCQs', '-----', '-----', '-----', '-----', 479, 'Active'),
(379, 'Objective', 2, '-----', 'Fill in Blanks', '-----', '-----', '-----', 480, 'Active'),
(380, 'Objective', 2, 'MCQs', '-----', '-----', '-----', '-----', 481, 'Active'),
(381, 'Objective', 2, 'MCQs', 'Fill in Blanks', '-----', '-----', '-----', 482, 'Active'),
(382, 'Objective', 2, 'MCQs', '-----', 'True False', '-----', '-----', 483, 'Active'),
(383, 'Objective', 2, 'MCQs', 'Fill in Blanks', '-----', '-----', '-----', 484, 'Active'),
(384, 'Objective', 2, 'MCQs', 'Fill in Blanks', '-----', '-----', '-----', 485, 'Active'),
(385, 'Objective', 1, 'MCQs', '-----', '-----', '-----', '-----', 486, 'Active'),
(386, 'Objective', 2, 'MCQs', 'Fill in Blanks', '-----', '-----', '-----', 487, 'Active'),
(387, 'Objective', 2, 'MCQs', '-----', '-----', '-----', '-----', 488, 'Active'),
(388, 'Objective', 10, 'MCQs', 'Fill in Blanks', '-----', '-----', '-----', 489, 'Active'),
(389, 'Objective', 2, 'MCQs', '-----', '-----', '-----', '-----', 490, 'Active'),
(390, 'Objective', 2, 'MCQs', 'Fill in Blanks', '-----', '-----', '-----', 491, 'Active'),
(391, 'Mix', 5, 'MCQs', 'Fill in Blanks', 'True False', 'Short Questions', 'Long Questions', 493, 'Active'),
(392, 'Objective', 5, 'MCQs', '-----', '-----', '-----', '-----', 495, 'Active'),
(393, 'Objective', 2, 'MCQs', '-----', 'True False', '-----', '-----', 497, 'Active'),
(394, 'Objective', 2, 'MCQs', '-----', 'True False', '-----', '-----', 498, 'Active'),
(395, 'Objective', 3, 'MCQs', 'Fill in Blanks', 'True False', '-----', '-----', 502, 'Active'),
(396, 'Objective', 2, 'MCQs', '-----', '-----', '-----', '-----', 503, 'Active'),
(397, 'Objective', 3, 'MCQs', 'Fill in Blanks', 'True False', '-----', '-----', 504, 'Active'),
(398, 'Objective', 3, 'MCQs', 'Fill in Blanks', 'True False', '-----', '-----', 505, 'Active'),
(399, 'Objective', 3, 'MCQs', 'Fill in Blanks', 'True False', '-----', '-----', 506, 'Active'),
(400, 'Objective', 2, 'MCQs', 'Fill in Blanks', '-----', '-----', '-----', 507, 'Active'),
(401, 'Objective', 3, 'MCQs', 'Fill in Blanks', 'True False', '-----', '-----', 508, 'Active'),
(402, 'Objective', 3, 'MCQs', 'Fill in Blanks', 'True False', '-----', '-----', 509, 'Active'),
(403, 'Objective', 3, 'MCQs', 'Fill in Blanks', 'True False', '-----', '-----', 510, 'Active'),
(404, 'Objective', 3, 'MCQs', 'Fill in Blanks', 'True False', '-----', '-----', 511, 'Active'),
(405, 'Objective', 3, 'MCQs', 'Fill in Blanks', 'True False', '-----', '-----', 512, 'Active'),
(406, 'Objective', 3, 'MCQs', '-----', '-----', '-----', '-----', 513, 'Active'),
(407, 'Objective', 3, 'MCQs', 'Fill in Blanks', 'True False', '-----', '-----', 514, 'Active'),
(408, 'Objective', 3, 'MCQs', 'Fill in Blanks', 'True False', '-----', '-----', 515, 'Active'),
(409, 'Subjective', 2, '-----', '-----', '-----', 'Short Questions', '-----', 516, 'Active'),
(410, 'Subjective', 1, '-----', '-----', '-----', '-----', 'Long Questions', 517, 'Active'),
(411, 'Subjective', 2, '-----', '-----', '-----', 'Short Questions', 'Long Questions', 518, 'Active'),
(412, 'Mix', 5, 'MCQs', 'Fill in Blanks', 'True False', 'Short Questions', 'Long Questions', 519, 'Active'),
(413, 'Mix', 5, 'MCQs', 'Fill in Blanks', 'True False', 'Short Questions', 'Long Questions', 520, 'Active'),
(414, 'Objective', 3, 'MCQs', 'Fill in Blanks', 'True False', '-----', '-----', 521, 'Active'),
(415, 'Objective', 3, 'MCQs', 'Fill in Blanks', 'True False', '-----', '-----', 522, 'Active'),
(416, 'Objective', 6, 'MCQs', 'Fill in Blanks', 'True False', '-----', '-----', 523, 'Active'),
(417, 'Objective', 3, 'MCQs', 'Fill in Blanks', 'True False', '-----', '-----', 524, 'Active'),
(418, 'Objective', 3, 'MCQs', 'Fill in Blanks', 'True False', '-----', '-----', 525, 'Active'),
(419, 'Subjective', 2, '-----', '-----', '-----', 'Short Questions', '-----', 526, 'Active'),
(420, 'Subjective', 2, '-----', '-----', '-----', 'Short Questions', '-----', 527, 'Active'),
(421, 'Subjective', 2, '-----', '-----', '-----', 'Short Questions', '-----', 528, 'Active'),
(422, 'Subjective', 2, '-----', '-----', '-----', 'Short Questions', '-----', 529, 'Active'),
(423, 'Subjective', 4, '-----', '-----', '-----', 'Short Questions', 'Long Questions', 530, 'Active'),
(424, 'Objective', 2, 'MCQs', '-----', '-----', '-----', '-----', 531, 'Active'),
(425, 'Subjective', 4, '-----', '-----', '-----', 'Short Questions', '-----', 532, 'Active'),
(426, 'Mix', 5, 'MCQs', 'Fill in Blanks', 'True False', 'Short Questions', 'Long Questions', 533, 'Active'),
(427, 'Subjective', 2, '-----', '-----', '-----', 'Short Questions', '-----', 534, 'Active'),
(428, 'Subjective', 8, '-----', '-----', '-----', 'Short Questions', '-----', 535, 'Active'),
(429, 'Subjective', 2, '-----', '-----', '-----', '-----', 'Long Questions', 536, 'Active'),
(430, 'Subjective', 2, '-----', '-----', '-----', '-----', 'Long Questions', 537, 'Active'),
(431, 'Subjective', 4, '-----', '-----', '-----', 'Short Questions', 'Long Questions', 538, 'Active'),
(432, 'Subjective', 2, '-----', '-----', '-----', 'Short Questions', 'Long Questions', 539, 'Active'),
(433, 'Subjective', 4, '-----', '-----', '-----', 'Short Questions', 'Long Questions', 540, 'Active'),
(434, 'Objective', 1, 'MCQs', '-----', '-----', '-----', '-----', 541, 'Active'),
(435, 'Objective', 2, 'MCQs', '-----', '-----', '-----', '-----', 542, 'Active'),
(436, 'Objective', 4, 'MCQs', 'Fill in Blanks', '-----', '-----', '-----', 543, 'Active'),
(437, 'Objective', 2, 'MCQs', '-----', 'True False', '-----', '-----', 544, 'Active'),
(438, 'Objective', 2, 'MCQs', 'Fill in Blanks', '-----', '-----', '-----', 545, 'Active'),
(439, 'Objective', 3, 'MCQs', 'Fill in Blanks', 'True False', '-----', '-----', 546, 'Active'),
(440, 'Subjective', 2, '-----', '-----', '-----', 'Short Questions', '-----', 547, 'Active'),
(441, 'Subjective', 2, '-----', '-----', '-----', '-----', 'Long Questions', 548, 'Active'),
(442, 'Subjective', 2, '-----', '-----', '-----', 'Short Questions', 'Long Questions', 549, 'Active'),
(443, 'Objective', 1, 'MCQs', '-----', '-----', '-----', '-----', 550, 'Active'),
(444, 'Objective', 1, '-----', 'Fill in Blanks', '-----', '-----', '-----', 551, 'Active'),
(445, 'Objective', 1, '-----', '-----', 'True False', '-----', '-----', 552, 'Active'),
(446, 'Objective', 2, 'MCQs', 'Fill in Blanks', '-----', '-----', '-----', 553, 'Active'),
(447, 'Objective', 2, 'MCQs', '-----', 'True False', '-----', '-----', 554, 'Active'),
(448, 'Objective', 2, 'MCQs', 'Fill in Blanks', '-----', '-----', '-----', 555, 'Active'),
(449, 'Subjective', 2, '-----', '-----', '-----', 'Short Questions', '-----', 556, 'Active'),
(450, 'Subjective', 2, '-----', '-----', '-----', '-----', 'Long Questions', 557, 'Active'),
(451, 'Subjective', 2, '-----', '-----', '-----', '-----', 'Long Questions', 558, 'Active'),
(452, 'Subjective', 4, '-----', '-----', '-----', 'Short Questions', 'Long Questions', 559, 'Active'),
(453, 'Mix', 5, 'MCQs', 'Fill in Blanks', 'True False', 'Short Questions', 'Long Questions', 560, 'Active'),
(454, 'Objective', 4, 'MCQs', 'Fill in Blanks', '-----', '-----', '-----', 561, 'Active'),
(455, 'Mix', 5, 'MCQs', 'Fill in Blanks', 'True False', 'Short Questions', 'Long Questions', 562, 'Active'),
(456, 'Mix', 5, 'MCQs', 'Fill in Blanks', 'True False', 'Short Questions', 'Long Questions', 563, 'Active'),
(457, 'Objective', 3, 'MCQs', 'Fill in Blanks', 'True False', '-----', '-----', 564, 'Active'),
(458, 'Mix', 5, 'MCQs', 'Fill in Blanks', 'True False', 'Short Questions', 'Long Questions', 565, 'Active'),
(459, 'Objective', 3, 'MCQs', 'Fill in Blanks', 'True False', '-----', '-----', 566, 'Active'),
(460, 'Mix', 5, 'MCQs', 'Fill in Blanks', 'True False', 'Short Questions', 'Long Questions', 567, 'Active'),
(461, 'Objective', 3, 'MCQs', 'Fill in Blanks', 'True False', '-----', '-----', 568, 'Active'),
(462, 'Subjective', 2, '-----', '-----', '-----', 'Short Questions', 'Long Questions', 569, 'Active'),
(463, 'Mix', 5, 'MCQs', 'Fill in Blanks', 'True False', 'Short Questions', 'Long Questions', 570, 'Active'),
(464, 'Mix', 3, 'MCQs', '-----', '-----', 'Short Questions', 'Long Questions', 571, 'Active'),
(465, 'Mix', 3, 'MCQs', '-----', '-----', 'Short Questions', 'Long Questions', 572, 'Active'),
(466, 'Mix', 3, 'MCQs', '-----', '-----', 'Short Questions', 'Long Questions', 573, 'Active'),
(467, 'Mix', 3, 'MCQs', '-----', '-----', 'Short Questions', 'Long Questions', 574, 'Active'),
(468, 'Mix', 3, 'MCQs', '-----', '-----', 'Short Questions', 'Long Questions', 575, 'Active'),
(469, 'Mix', 3, 'MCQs', '-----', '-----', 'Short Questions', 'Long Questions', 576, 'Active'),
(470, 'Mix', 3, 'MCQs', '-----', '-----', 'Short Questions', 'Long Questions', 577, 'Active'),
(471, 'Mix', 3, 'MCQs', '-----', '-----', 'Short Questions', 'Long Questions', 578, 'Active'),
(472, 'Mix', 3, 'MCQs', '-----', '-----', 'Short Questions', 'Long Questions', 579, 'Active'),
(473, 'Mix', 3, '-----', '-----', 'True False', 'Short Questions', 'Long Questions', 580, 'Active'),
(474, 'Mix', 5, 'MCQs', 'Fill in Blanks', 'True False', 'Short Questions', 'Long Questions', 581, 'Active'),
(475, 'Mix', 5, 'MCQs', 'Fill in Blanks', 'True False', 'Short Questions', 'Long Questions', 582, 'Active'),
(476, 'Mix', 5, 'MCQs', 'Fill in Blanks', 'True False', 'Short Questions', 'Long Questions', 583, 'Active'),
(477, 'Mix', 3, '-----', 'Fill in Blanks', '-----', 'Short Questions', 'Long Questions', 584, 'Active'),
(478, 'Mix', 3, '-----', 'Fill in Blanks', '-----', 'Short Questions', 'Long Questions', 585, 'Active'),
(479, 'Mix', 3, '-----', 'Fill in Blanks', '-----', 'Short Questions', 'Long Questions', 586, 'Active'),
(480, 'Mix', 3, 'MCQs', '-----', '-----', 'Short Questions', 'Long Questions', 587, 'Active'),
(481, 'Mix', 3, 'MCQs', '-----', '-----', 'Short Questions', 'Long Questions', 588, 'Active'),
(482, 'Mix', 3, 'MCQs', '-----', '-----', 'Short Questions', 'Long Questions', 589, 'Active'),
(483, 'Mix', 3, 'MCQs', '-----', '-----', 'Short Questions', 'Long Questions', 590, 'Active'),
(484, 'Mix', 3, 'MCQs', '-----', '-----', 'Short Questions', 'Long Questions', 591, 'Active'),
(485, 'Subjective', 2, '-----', '-----', '-----', 'Short Questions', '-----', 592, 'Active'),
(486, 'Mix', 5, 'MCQs', 'Fill in Blanks', 'True False', 'Short Questions', 'Long Questions', 593, 'Active'),
(487, 'Objective', 3, 'MCQs', 'Fill in Blanks', 'True False', '-----', '-----', 594, 'Active'),
(488, 'Objective', 3, 'MCQs', '-----', '-----', '-----', '-----', 595, 'Active'),
(489, 'Objective', 2, 'MCQs', '-----', '-----', '-----', '-----', 596, 'Active'),
(490, 'Mix', 3, '-----', 'Fill in Blanks', '-----', 'Short Questions', 'Long Questions', 597, 'Active'),
(491, 'Objective', 2, 'MCQs', '-----', '-----', '-----', '-----', 598, 'Active'),
(492, 'Objective', 3, 'MCQs', 'Fill in Blanks', 'True False', '-----', '-----', 599, 'Active'),
(493, 'Subjective', 2, '-----', '-----', '-----', 'Short Questions', '-----', 600, 'Active'),
(494, 'Subjective', 2, '-----', '-----', '-----', '-----', 'Long Questions', 601, 'Active'),
(495, 'Subjective', 4, '-----', '-----', '-----', 'Short Questions', 'Long Questions', 602, 'Active'),
(496, 'Mix', 5, 'MCQs', 'Fill in Blanks', 'True False', 'Short Questions', 'Long Questions', 603, 'Active'),
(497, 'Mix', 3, '-----', 'Fill in Blanks', '-----', 'Short Questions', 'Long Questions', 604, 'Active'),
(498, 'Mix', 2, 'MCQs', '-----', '-----', 'Short Questions', '-----', 605, 'Active'),
(499, 'Mix', 2, 'MCQs', '-----', '-----', 'Short Questions', '-----', 606, 'Active'),
(500, 'Mix', 2, 'MCQs', '-----', '-----', 'Short Questions', '-----', 607, 'Active'),
(501, 'Mix', 2, 'MCQs', '-----', '-----', 'Short Questions', '-----', 608, 'Active'),
(502, 'Mix', 2, '-----', '-----', 'True False', 'Short Questions', '-----', 609, 'Active'),
(503, 'Mix', 2, 'MCQs', '-----', '-----', 'Short Questions', '-----', 610, 'Active'),
(504, 'Mix', 2, 'MCQs', '-----', '-----', 'Short Questions', '-----', 611, 'Active'),
(505, 'Mix', 2, 'MCQs', '-----', '-----', '-----', 'Long Questions', 612, 'Active'),
(506, 'Mix', 2, 'MCQs', '-----', '-----', '-----', 'Long Questions', 613, 'Active'),
(507, 'Mix', 2, '-----', 'Fill in Blanks', '-----', '-----', 'Long Questions', 614, 'Active'),
(508, 'Mix', 3, 'MCQs', 'Fill in Blanks', '-----', 'Short Questions', '-----', 615, 'Active'),
(509, 'Mix', 3, 'MCQs', 'Fill in Blanks', '-----', 'Short Questions', '-----', 616, 'Active'),
(510, 'Subjective', 2, '-----', '-----', '-----', 'Short Questions', '-----', 617, 'Active'),
(511, 'Mix', 3, 'MCQs', 'Fill in Blanks', '-----', 'Short Questions', '-----', 618, 'Active'),
(512, 'Mix', 3, 'MCQs', 'Fill in Blanks', '-----', 'Short Questions', '-----', 619, 'Active'),
(513, 'Mix', 3, 'MCQs', 'Fill in Blanks', '-----', 'Short Questions', '-----', 620, 'Active'),
(514, 'Mix', 3, 'MCQs', 'Fill in Blanks', '-----', 'Short Questions', '-----', 621, 'Active'),
(515, 'Mix', 3, 'MCQs', 'Fill in Blanks', '-----', 'Short Questions', '-----', 622, 'Active'),
(516, 'Mix', 3, 'MCQs', 'Fill in Blanks', '-----', 'Short Questions', '-----', 623, 'Active'),
(517, 'Mix', 3, 'MCQs', 'Fill in Blanks', '-----', 'Short Questions', '-----', 624, 'Active'),
(518, 'Mix', 3, 'MCQs', 'Fill in Blanks', '-----', 'Short Questions', '-----', 625, 'Active'),
(519, 'Mix', 3, 'MCQs', 'Fill in Blanks', '-----', 'Short Questions', '-----', 626, 'Active'),
(520, 'Objective', 2, 'MCQs', 'Fill in Blanks', '-----', '-----', '-----', 627, 'Active'),
(521, 'Mix', 3, 'MCQs', '-----', 'True False', 'Short Questions', '-----', 628, 'Active'),
(522, 'Objective', 2, 'MCQs', '-----', '-----', '-----', '-----', 629, 'Active'),
(523, 'Objective', 6, 'MCQs', 'Fill in Blanks', 'True False', '-----', '-----', 630, 'Active'),
(524, 'Objective', 4, 'MCQs', 'Fill in Blanks', '-----', '-----', '-----', 631, 'Active'),
(525, 'Objective', 4, 'MCQs', 'Fill in Blanks', '-----', '-----', '-----', 632, 'Active'),
(526, 'Objective', 4, 'MCQs', '-----', 'True False', '-----', '-----', 633, 'Active'),
(527, 'Objective', 4, 'MCQs', '-----', 'True False', '-----', '-----', 634, 'Active'),
(528, 'Subjective', 2, '-----', '-----', '-----', 'Short Questions', '-----', 635, 'Active'),
(529, 'Subjective', 2, '-----', '-----', '-----', '-----', 'Long Questions', 636, 'Active'),
(530, 'Subjective', 4, '-----', '-----', '-----', 'Short Questions', 'Long Questions', 637, 'Active'),
(531, 'Mix', 10, 'MCQs', 'Fill in Blanks', 'True False', 'Short Questions', 'Long Questions', 638, 'Active'),
(532, 'Mix', 4, 'MCQs', '-----', '-----', 'Short Questions', '-----', 639, 'Active'),
(533, 'Mix', 2, '-----', 'Fill in Blanks', '-----', 'Short Questions', '-----', 640, 'Active'),
(534, 'Mix', 6, 'MCQs', 'Fill in Blanks', '-----', 'Short Questions', '-----', 641, 'Active'),
(535, 'Mix', 6, 'MCQs', '-----', 'True False', 'Short Questions', '-----', 642, 'Active'),
(536, 'Mix', 6, 'MCQs', 'Fill in Blanks', '-----', 'Short Questions', '-----', 643, 'Active'),
(537, 'Mix', 3, 'MCQs', 'Fill in Blanks', '-----', '-----', 'Long Questions', 644, 'Active'),
(538, 'Mix', 3, 'MCQs', 'Fill in Blanks', '-----', '-----', 'Long Questions', 645, 'Active'),
(539, 'Objective', 10, 'MCQs', '-----', '-----', '-----', '-----', 646, 'Active'),
(540, 'Mix', 3, 'MCQs', 'Fill in Blanks', '-----', '-----', 'Long Questions', 647, 'Active'),
(541, 'Mix', 3, 'MCQs', '-----', 'True False', '-----', 'Long Questions', 648, 'Active'),
(542, 'Mix', 3, 'MCQs', 'Fill in Blanks', '-----', '-----', 'Long Questions', 649, 'Active'),
(543, 'Mix', 4, 'MCQs', 'Fill in Blanks', '-----', 'Short Questions', 'Long Questions', 650, 'Active'),
(544, 'Mix', 4, 'MCQs', '-----', 'True False', 'Short Questions', 'Long Questions', 651, 'Active'),
(545, 'Mix', 4, 'MCQs', 'Fill in Blanks', '-----', 'Short Questions', 'Long Questions', 652, 'Active'),
(546, 'Objective', 4, 'MCQs', '-----', '-----', '-----', '-----', 653, 'Active'),
(547, 'Objective', 6, 'MCQs', 'Fill in Blanks', 'True False', '-----', '-----', 654, 'Active'),
(548, 'Objective', 4, 'MCQs', 'Fill in Blanks', '-----', '-----', '-----', 655, 'Active'),
(549, 'Objective', 4, 'MCQs', '-----', 'True False', '-----', '-----', 656, 'Active'),
(550, 'Objective', 4, 'MCQs', 'Fill in Blanks', '-----', '-----', '-----', 657, 'Active'),
(551, 'Subjective', 4, '-----', '-----', '-----', 'Short Questions', '-----', 658, 'Active'),
(552, 'Subjective', 4, '-----', '-----', '-----', '-----', 'Long Questions', 659, 'Active'),
(553, 'Subjective', 4, '-----', '-----', '-----', 'Short Questions', 'Long Questions', 660, 'Active'),
(554, 'Mix', 10, 'MCQs', 'Fill in Blanks', 'True False', 'Short Questions', 'Long Questions', 661, 'Active'),
(555, 'Mix', 4, 'MCQs', '-----', '-----', 'Short Questions', '-----', 662, 'Active'),
(556, 'Mix', 4, 'MCQs', '-----', '-----', '-----', 'Long Questions', 663, 'Active'),
(557, 'Mix', 6, 'MCQs', 'Fill in Blanks', '-----', 'Short Questions', '-----', 664, 'Active'),
(558, 'Mix', 6, 'MCQs', '-----', 'True False', 'Short Questions', '-----', 665, 'Active'),
(559, 'Mix', 6, 'MCQs', 'Fill in Blanks', '-----', 'Short Questions', '-----', 666, 'Active'),
(560, 'Mix', 6, 'MCQs', 'Fill in Blanks', '-----', '-----', 'Long Questions', 667, 'Active'),
(561, 'Mix', 6, 'MCQs', '-----', 'True False', '-----', 'Long Questions', 668, 'Active'),
(562, 'Mix', 6, 'MCQs', 'Fill in Blanks', '-----', '-----', 'Long Questions', 669, 'Active'),
(563, 'Mix', 8, 'MCQs', 'Fill in Blanks', '-----', 'Short Questions', 'Long Questions', 670, 'Active'),
(564, 'Mix', 6, 'MCQs', '-----', 'True False', 'Short Questions', 'Long Questions', 671, 'Active'),
(565, 'Mix', 6, 'MCQs', 'Fill in Blanks', '-----', 'Short Questions', 'Long Questions', 672, 'Active'),
(566, 'Objective', 5, 'MCQs', '-----', '-----', '-----', '-----', 673, 'Active'),
(567, 'Objective', 5, 'MCQs', '-----', '-----', '-----', '-----', 674, 'Active'),
(568, 'Objective', 3, '-----', '-----', 'True False', '-----', '-----', 675, 'Active'),
(569, 'Objective', 6, 'MCQs', 'Fill in Blanks', '-----', '-----', '-----', 676, 'Active'),
(570, 'Objective', 8, 'MCQs', 'Fill in Blanks', '-----', '-----', '-----', 677, 'Active'),
(571, 'Objective', 8, 'MCQs', 'Fill in Blanks', '-----', '-----', '-----', 678, 'Active'),
(572, 'Objective', 8, 'MCQs', '-----', 'True False', '-----', '-----', 679, 'Active'),
(573, 'Objective', 8, 'MCQs', '-----', 'True False', '-----', '-----', 680, 'Active'),
(574, 'Objective', 8, 'MCQs', 'Fill in Blanks', '-----', '-----', '-----', 681, 'Active'),
(575, 'Objective', 5, 'MCQs', 'Fill in Blanks', '-----', '-----', '-----', 682, 'Active'),
(576, 'Objective', 5, 'MCQs', '-----', 'True False', '-----', '-----', 683, 'Active'),
(577, 'Objective', 9, 'MCQs', 'Fill in Blanks', 'True False', '-----', '-----', 684, 'Active'),
(578, 'Objective', 9, 'MCQs', 'Fill in Blanks', 'True False', '-----', '-----', 685, 'Active'),
(579, 'Mix', 3, 'MCQs', '-----', '-----', 'Short Questions', '-----', 686, 'Active'),
(580, 'Mix', 3, 'MCQs', '-----', '-----', 'Short Questions', '-----', 687, 'Active'),
(581, 'Mix', 5, 'MCQs', '-----', '-----', 'Short Questions', '-----', 688, 'Active'),
(582, 'Mix', 5, 'MCQs', 'Fill in Blanks', '-----', 'Short Questions', '-----', 689, 'Active'),
(583, 'Mix', 5, 'MCQs', '-----', 'True False', '-----', 'Long Questions', 690, 'Active'),
(584, 'Mix', 5, 'MCQs', 'Fill in Blanks', '-----', 'Short Questions', '-----', 691, 'Active'),
(585, 'Mix', 5, 'MCQs', 'Fill in Blanks', '-----', '-----', 'Long Questions', 692, 'Active'),
(586, 'Mix', 5, 'MCQs', '-----', 'True False', 'Short Questions', '-----', 693, 'Active'),
(587, 'Mix', 5, 'MCQs', 'Fill in Blanks', '-----', 'Short Questions', '-----', 694, 'Active'),
(588, 'Mix', 5, 'MCQs', '-----', 'True False', '-----', 'Long Questions', 695, 'Active'),
(589, 'Mix', 3, 'MCQs', 'Fill in Blanks', '-----', 'Short Questions', '-----', 696, 'Active'),
(590, 'Mix', 5, 'MCQs', 'Fill in Blanks', '-----', '-----', 'Long Questions', 697, 'Active'),
(591, 'Mix', 7, 'MCQs', 'Fill in Blanks', 'True False', 'Short Questions', '-----', 698, 'Active'),
(592, 'Mix', 5, 'MCQs', 'Fill in Blanks', 'True False', 'Short Questions', '-----', 699, 'Active'),
(593, 'Mix', 5, 'MCQs', 'Fill in Blanks', 'True False', 'Short Questions', '-----', 700, 'Active'),
(594, 'Mix', 5, 'MCQs', 'Fill in Blanks', 'True False', 'Short Questions', 'Long Questions', 701, 'Active'),
(595, 'Mix', 5, 'MCQs', 'Fill in Blanks', 'True False', 'Short Questions', 'Long Questions', 702, 'Active'),
(596, 'Mix', 4, 'MCQs', 'Fill in Blanks', 'True False', 'Short Questions', '-----', 703, 'Active'),
(597, 'Mix', 4, 'MCQs', 'Fill in Blanks', 'True False', 'Short Questions', '-----', 704, 'Active'),
(598, 'Mix', 4, 'MCQs', 'Fill in Blanks', 'True False', 'Short Questions', '-----', 705, 'Active'),
(599, 'Mix', 4, 'MCQs', 'Fill in Blanks', 'True False', 'Short Questions', '-----', 706, 'Active'),
(600, 'Mix', 4, 'MCQs', 'Fill in Blanks', 'True False', '-----', 'Long Questions', 707, 'Active'),
(601, 'Mix', 5, 'MCQs', 'Fill in Blanks', 'True False', 'Short Questions', 'Long Questions', 708, 'Active'),
(602, 'Mix', 4, 'MCQs', '-----', '-----', 'Short Questions', 'Long Questions', 709, 'Active'),
(603, 'Mix', 6, 'MCQs', 'Fill in Blanks', '-----', 'Short Questions', 'Long Questions', 710, 'Active'),
(604, 'Mix', 6, 'MCQs', '-----', 'True False', 'Short Questions', 'Long Questions', 711, 'Active'),
(605, 'Mix', 6, 'MCQs', 'Fill in Blanks', '-----', 'Short Questions', 'Long Questions', 712, 'Active'),
(606, 'Mix', 4, 'MCQs', '-----', '-----', 'Short Questions', '-----', 713, 'Active'),
(607, 'Mix', 4, '-----', 'Fill in Blanks', '-----', '-----', 'Long Questions', 714, 'Active'),
(608, 'Mix', 4, 'MCQs', '-----', '-----', 'Short Questions', 'Long Questions', 715, 'Active'),
(609, 'Mix', 5, 'MCQs', 'Fill in Blanks', '-----', 'Short Questions', '-----', 716, 'Active'),
(610, 'Mix', 5, 'MCQs', '-----', 'True False', 'Short Questions', 'Long Questions', 717, 'Active'),
(611, 'Mix', 4, 'MCQs', 'Fill in Blanks', 'True False', 'Short Questions', '-----', 718, 'Active'),
(612, 'Mix', 5, 'MCQs', 'Fill in Blanks', 'True False', 'Short Questions', '-----', 719, 'Active'),
(613, 'Mix', 5, 'MCQs', 'Fill in Blanks', 'True False', 'Short Questions', '-----', 720, 'Active'),
(614, 'Mix', 4, 'MCQs', 'Fill in Blanks', 'True False', '-----', 'Long Questions', 721, 'Active'),
(615, 'Objective', 2, 'MCQs', '-----', '-----', '-----', '-----', 722, 'Active'),
(616, 'Objective', 2, 'MCQs', '-----', '-----', '-----', '-----', 723, 'Active'),
(617, 'Objective', 2, 'MCQs', '-----', '-----', '-----', '-----', 724, 'Active'),
(618, 'Objective', 4, 'MCQs', 'Fill in Blanks', '-----', '-----', '-----', 725, 'Active'),
(619, 'Objective', 2, 'MCQs', '-----', '-----', '-----', '-----', 726, 'Active'),
(620, 'Objective', 2, 'MCQs', '-----', '-----', '-----', '-----', 727, 'Active'),
(621, 'Objective', 2, 'MCQs', 'Fill in Blanks', '-----', '-----', '-----', 728, 'Active'),
(622, 'Objective', 2, 'MCQs', '-----', 'True False', '-----', '-----', 729, 'Active'),
(623, 'Objective', 2, 'MCQs', 'Fill in Blanks', '-----', '-----', '-----', 730, 'Active'),
(624, 'Objective', 2, 'MCQs', 'Fill in Blanks', '-----', '-----', '-----', 731, 'Active'),
(625, 'Objective', 3, 'MCQs', 'Fill in Blanks', 'True False', '-----', '-----', 732, 'Active'),
(626, 'Subjective', 2, '-----', '-----', '-----', 'Short Questions', '-----', 733, 'Active'),
(627, 'Subjective', 2, '-----', '-----', '-----', '-----', 'Long Questions', 734, 'Active'),
(628, 'Subjective', 2, '-----', '-----', '-----', 'Short Questions', 'Long Questions', 735, 'Active'),
(629, 'Objective', 2, 'MCQs', '-----', '-----', '-----', '-----', 736, 'Active'),
(630, 'Objective', 5, 'MCQs', '-----', '-----', '-----', '-----', 738, 'Active'),
(631, 'Objective', 5, 'MCQs', '-----', '-----', '-----', '-----', 739, 'Active'),
(632, 'Subjective', 2, '-----', '-----', '-----', 'Short Questions', '-----', 741, 'Active'),
(633, 'Subjective', 2, '-----', '-----', '-----', 'Short Questions', '-----', 742, 'Active'),
(634, 'Subjective', 4, '-----', '-----', '-----', 'Short Questions', 'Long Questions', 743, 'Active'),
(635, 'Subjective', 2, '-----', '-----', '-----', 'Short Questions', '-----', 744, 'Active'),
(636, 'Subjective', 2, '-----', '-----', '-----', '-----', 'Long Questions', 745, 'Active'),
(637, 'Subjective', 4, '-----', '-----', '-----', '-----', 'Long Questions', 746, 'Active'),
(638, 'Subjective', 4, '-----', '-----', '-----', 'Short Questions', '-----', 747, 'Active'),
(639, 'Subjective', 8, '-----', '-----', '-----', 'Short Questions', 'Long Questions', 748, 'Active'),
(640, 'Subjective', 8, '-----', '-----', '-----', 'Short Questions', 'Long Questions', 749, 'Active'),
(641, 'Subjective', 4, '-----', '-----', '-----', 'Short Questions', '-----', 750, 'Active'),
(642, 'Subjective', 5, '-----', '-----', '-----', '-----', 'Long Questions', 751, 'Active'),
(643, 'Subjective', 8, '-----', '-----', '-----', 'Short Questions', '-----', 752, 'Active'),
(644, 'Subjective', 10, '-----', '-----', '-----', 'Short Questions', 'Long Questions', 753, 'Active'),
(645, 'Subjective', 16, '-----', '-----', '-----', 'Short Questions', 'Long Questions', 754, 'Active'),
(646, 'Subjective', 16, '-----', '-----', '-----', 'Short Questions', 'Long Questions', 754, 'Active');

-- --------------------------------------------------------

--
-- Table structure for table `session`
--

CREATE TABLE `session` (
  `session_id` int(10) NOT NULL,
  `a_session` varchar(10) NOT NULL,
  `status` varchar(50) NOT NULL
) ENGINE=InnoDB DEFAULT CHARSET=latin1;

--
-- Dumping data for table `session`
--

INSERT INTO `session` (`session_id`, `a_session`, `status`) VALUES
(11, '2017-2021', 'Active'),
(12, '2017-2020', 'Active');

-- --------------------------------------------------------

--
-- Table structure for table `short_q`
--

CREATE TABLE `short_q` (
  `short_q_id` int(11) NOT NULL,
  `short_q_detail` varchar(500) NOT NULL,
  `short_q_marks` float NOT NULL,
  `q_p_formate_id` int(11) NOT NULL,
  `status` varchar(500) NOT NULL
) ENGINE=InnoDB DEFAULT CHARSET=latin1;

--
-- Dumping data for table `short_q`
--

INSERT INTO `short_q` (`short_q_id`, `short_q_detail`, `short_q_marks`, `q_p_formate_id`, `status`) VALUES
(65, 'What is micro economics?', 2, 49, 'Active'),
(66, 'What is your name?', 2, 49, 'Active'),
(67, 'Who is kashif ali?', 2, 49, 'Active'),
(68, 'What is your name?', 2, 49, 'Active'),
(69, 'The internal fertilization leads to internal development of embryo which gives birth to young one, such animals are called:-', 2, 49, 'Active'),
(70, 'National income is:-', 2, 49, 'Active'),
(71, 'What is micro economics?', 3, 50, 'Active'),
(72, 'What is your name?', 3, 50, 'Active'),
(73, 'National income is:-', 2, 50, 'Active'),
(74, 'What is GDP?', 2, 50, 'Active'),
(76, 'What is micro economics?', 1, 51, 'Active'),
(77, 'What is micro economics?', 1, 51, 'Active'),
(78, 'What is micro economics?', 1, 51, 'Active'),
(79, 'What is CEO of Comptech 4 All?', 1, 51, 'Active'),
(80, 'National income is:-', 1, 51, 'Active'),
(81, 'What is micro economics?', 2, 51, 'Active'),
(82, 'What is your name?', 2, 51, 'Active'),
(83, 'What is CEO of Comptech 4 All?', 2, 51, 'Active'),
(84, 'What is your name?', 2, 51, 'Active'),
(85, 'What is your name?', 2, 51, 'Active'),
(86, 'What is micro economics?', 3, 51, 'Active'),
(87, 'What is your name?', 3, 51, 'Active'),
(88, 'What is CEO of Comptech 4 All?', 3, 51, 'Active'),
(89, 'National income is:-', 3, 51, 'Active'),
(90, 'What is your name?', 3, 51, 'Active'),
(91, 'What is micro economics?', 1, 52, 'Active'),
(92, 'What is micro economics?', 1, 52, 'Active'),
(93, 'What is micro economics?', 1, 52, 'Active'),
(94, 'What is CEO of Comptech 4 All?', 1, 52, 'Active'),
(95, 'What is CEO of Comptech 4 All?', 1, 52, 'Active'),
(96, 'What is CEO of Comptech 4 All?', 2, 52, 'Active'),
(97, 'What is CEO of Comptech 4 All?', 2, 52, 'Active'),
(98, 'What is CEO of Comptech 4 All?', 2, 52, 'Active'),
(99, 'What is CEO of Comptech 4 All?', 2, 52, 'Active'),
(100, 'What is CEO of Comptech 4 All?', 2, 52, 'Active'),
(101, 'What is your name?', 3, 52, 'Active'),
(102, 'National income is:-', 3, 52, 'Active'),
(103, 'National income is:-', 3, 52, 'Active'),
(104, 'National income is:-', 3, 52, 'Active'),
(105, 'National income is:-', 3, 52, 'Active'),
(106, 'What is micro economics?', 0.5, 55, 'Active'),
(107, 'What is your name?', 0.5, 55, 'Active'),
(108, 'What is micro economics?', 0.5, 55, 'Active'),
(109, 'What is CEO of Comptech 4 All?', 0.5, 55, 'Active'),
(110, 'National income is:-', 1, 55, 'Active'),
(111, 'What is your name?', 1, 55, 'Active'),
(112, 'What is your name?', 1, 55, 'Active'),
(113, 'What does the environment consists of ?', 1, 56, 'Active'),
(114, 'Which are the groups of Vitamin.', 1, 56, 'Active'),
(115, 'Name the disease caused due to deficiency of vitamin B.', 1, 56, 'Active'),
(116, 'Define temprature.', 2, 56, 'Active'),
(117, 'What are the differance between biotic and abiotic components.', 3, 56, 'Active'),
(118, 'What is the use of iron and calcium?', 2, 56, 'Active'),
(119, 'How do you take care your shcool property?', 3, 56, 'Active'),
(120, 'What is balanced diet?', 2, 56, 'Active'),
(121, 'What is range and weather?', 3, 56, 'Active'),
(122, 'What you called for Spinning?', 1, 56, 'Active'),
(123, 'Define finishing in making clothes?', 2, 56, 'Active'),
(124, 'What are steps involved in making clothes?', 3, 56, 'Active'),
(125, 'What are natural things?', 1, 56, 'Active'),
(126, 'What is malnutration?', 2, 56, 'Active'),
(127, 'What are steps taken to stop the spread of germs.', 3, 56, 'Active'),
(128, 'What is micro economics?', 2, 61, 'Active'),
(129, 'National income is:-', 2, 61, 'Active'),
(130, 'What is your name?', 2, 61, 'Active'),
(131, 'What is micro economics?', 2, 62, 'Active'),
(132, 'What is your name?', 2, 62, 'Active'),
(133, 'What is CEO of Comptech 4 All?', 2, 62, 'Active'),
(135, 'National income is:-aaaaaaaaaaaaa', 2, 63, 'Active'),
(136, 'What is CEO of Comptech 4 All?', 2, 63, 'Active'),
(137, 'What is micro economics?', 1, 64, 'Active'),
(138, 'What is your name?', 1, 64, 'Active'),
(139, 'National income is:-', 1, 64, 'Active'),
(140, 'What is CEO of Comptech 4 All?', 1, 64, 'Active'),
(141, 'What is your name?', 1, 64, 'Active'),
(142, 'What is micro economics?', 1, 64, 'Active'),
(143, 'What is micro economics?', 3, 65, 'Active'),
(144, 'What is your name?', 3, 65, 'Active'),
(145, 'What is micro economics?', 2, 67, 'Active'),
(146, 'What is your name?', 3, 67, 'Active'),
(147, 'What is CEO of Comptech 4 All?', 1, 67, 'Active'),
(148, 'What is micro economics?', 6, 68, 'Active'),
(149, 'What is micro economics?', 5, 72, 'Active'),
(150, 'What is your name?', 5, 72, 'Active'),
(151, 'National income is:-', 5, 72, 'Active'),
(152, 'National income is:-', 5, 72, 'Active'),
(153, 'What is CEO of Comptech 4 All?', 5, 72, 'Active'),
(154, 'What is micro economics?', 10, 74, 'Active'),
(155, 'National income is:-', 10, 74, 'Active'),
(156, 'What is micro economics?', 10, 74, 'Active'),
(157, 'National income is:-', 10, 74, 'Active'),
(158, 'What is micro economics?', 1, 75, 'Active'),
(159, 'What is your name?', 1, 75, 'Active'),
(160, 'National income is:-', 1, 75, 'Active'),
(161, 'What is CEO of Comptech 4 All?', 1, 75, 'Active'),
(162, 'National income is:-', 1, 75, 'Active'),
(163, 'National income is:-', 3, 75, 'Active'),
(164, 'What is CEO of Comptech 4 All?', 3, 75, 'Active'),
(165, 'What is your name?', 3, 75, 'Active'),
(166, 'What is CEO of Comptech 4 All?', 3, 75, 'Active'),
(167, 'What is CEO of Comptech 4 All?', 3, 75, 'Active'),
(168, 'What is micro economics?', 1, 76, 'Active'),
(169, 'What is your name?', 1, 76, 'Active'),
(170, 'What is micro economics?', 1, 76, 'Active'),
(171, 'What is CEO of Comptech 4 All?', 1, 76, 'Active'),
(172, 'National income is:-', 1, 76, 'Active'),
(173, 'What is micro economics?', 3, 76, 'Active'),
(174, 'What is your name?', 3, 76, 'Active'),
(175, 'The internal fertilization leads to internal development of embryo which gives birth to young one, such animals are called:-', 3, 76, 'Active'),
(176, 'What is CEO of Comptech 4 All?', 3, 76, 'Active'),
(177, 'National income is:-', 3, 76, 'Active'),
(178, 'What is micro economics?', 1, 82, 'Active'),
(179, 'What is your name?', 1, 82, 'Active'),
(180, 'Define problem solving ?', 2, 83, 'Active'),
(181, 'Discuss the advantages of computer program ?', 2, 83, 'Active'),
(182, 'Define programming ?', 2, 83, 'Active'),
(183, 'Who is a programmer ?', 2, 83, 'Active'),
(184, 'Can a person be a good programmer if he expert in problem solving ?', 2, 83, 'Active'),
(185, 'Why is it important to identify a problem ?', 2, 83, 'Active'),
(186, 'Why is it important to specify requirements to solve a problem ?', 2, 83, 'Active'),
(187, 'Write the disadvantages of not specifying the requirements to solve a problem ?', 2, 83, 'Active'),
(188, 'Define the process of analyzing a problem ?', 2.5, 83, 'Active'),
(189, 'Describe the importance of analyzing a problem.', 2.5, 83, 'Active'),
(190, 'Define top down design.', 2.5, 83, 'Active'),
(191, 'Why is an algorithm designed to solve a problem ?', 2.5, 83, 'Active'),
(192, 'Why is flowchart designed to solve a problem ?', 2.5, 83, 'Active'),
(193, 'Define desk checking.', 2.5, 83, 'Active'),
(194, 'Explaing the process of writting program in solving a problem.', 2.5, 83, 'Active'),
(195, 'What is algorithm ? What are important properties of an algorithm ?', 2.5, 83, 'Active'),
(196, 'What is your name?', 1, 96, 'Active'),
(197, 'What is your name?', 1, 97, 'Active'),
(198, 'What is your name?', 1, 98, 'Active'),
(199, 'What is CEO of Comptech 4 All?', 1, 99, 'Active'),
(200, 'What is micro economics?', 1, 104, 'Active'),
(201, 'What is micro economics?', 1, 105, 'Active'),
(202, 'National income is:-', 1, 106, 'Active'),
(203, 'What is your name?', 1, 106, 'Active'),
(204, 'The internal fertilization leads to internal development of embryo which gives birth to young one, such animals are called:-', 1, 107, 'Active'),
(205, 'The internal fertilization leads to internal development of embryo which gives birth to young one, such animals are called:-', 1, 108, 'Active'),
(206, 'What is your name?', 1, 109, 'Active'),
(207, 'The internal fertilization leads to internal development of embryo which gives birth to young one, such animals are called:-', 1, 110, 'Active'),
(208, 'The internal fertilization leads to internal development of embryo which gives birth to young one, such animals are called:-', 1, 111, 'Active'),
(209, 'What is micro economics?', 1, 117, 'Active'),
(210, 'What is your name?', 1, 121, 'Active'),
(211, 'What is micro economics?', 1, 125, 'Active'),
(212, 'What is micro economics?', 1, 127, 'Active'),
(213, 'What is micro economics?', 1, 132, 'Active'),
(214, 'What is micro economics?', 1, 133, 'Active'),
(215, 'What is your name?', 1, 134, 'Active'),
(216, 'The internal fertilization leads to internal development of embryo which gives birth to young one, such animals are called:-', 1, 135, 'Active'),
(217, 'What is CEO of Comptech 4 All?', 1, 136, 'Active'),
(218, 'What is your name?', 1, 137, 'Active'),
(219, 'What is your name?', 1, 138, 'Active'),
(220, 'What is micro economics?', 1, 141, 'Active'),
(221, 'What is Operating System ?', 0.5, 142, 'Active'),
(222, 'What is theory of Autometa ?', 0.5, 142, 'Active'),
(223, 'What is multimedia player ?', 1, 142, 'Active'),
(224, 'What is design and algorithm ?', 1, 142, 'Active'),
(225, 'What is Database and what are problems of file handling ?', 2, 142, 'Active'),
(226, 'What is micro economics?', 0.5, 143, 'Active'),
(227, 'What is your name?', 0.5, 143, 'Active'),
(228, 'What is CEO of Comptech 4 All?', 1, 143, 'Active'),
(229, 'National income is:-', 1, 143, 'Active'),
(230, 'What is your name?', 2, 143, 'Active'),
(231, 'What is micro economics?', 1.5, 144, 'Active'),
(232, 'What is your name?', 1.5, 144, 'Active'),
(233, 'What is CEO of Comptech 4 All?', 0.5, 144, 'Active'),
(234, 'National income is:-', 0.5, 144, 'Active'),
(235, 'What is your name?', 1, 144, 'Active'),
(236, 'What is your name?', 1, 146, 'Active'),
(237, 'What is micro economics?', 0.5, 147, 'Active'),
(238, 'What are assumptions of Monitary Policy ?', 0.5, 147, 'Active'),
(239, 'What is CEO of Comptech 4 All?', 1, 147, 'Active'),
(240, 'National income is:-', 1, 147, 'Active'),
(241, 'What is micro economics?', 2, 147, 'Active'),
(242, 'What is micro economics?', 1, 148, 'Active'),
(243, 'What is your name?', 1, 148, 'Active'),
(244, 'What is CEO of Comptech 4 All?', 1, 148, 'Active'),
(245, 'National income is:-', 1, 148, 'Active'),
(246, 'What is your name?', 1, 148, 'Active'),
(247, 'What is CEO of Comptech 4 All?', 1, 150, 'Active'),
(248, 'What is database ?', 1, 151, 'Active'),
(249, 'What is CEO of Comptech 4 All?', 1, 152, 'Active'),
(250, 'What is Objective of Operating System ?', 1, 153, 'Active'),
(251, 'What is micro economics?', 1, 154, 'Active'),
(252, 'What is micro economics?', 1, 157, 'Active'),
(253, 'What is micro economics?', 1, 158, 'Active'),
(254, 'What is your name?', 1, 159, 'Active'),
(255, 'What is micro economics?', 1, 161, 'Active'),
(256, 'What is micro economics?', 1, 162, 'Active'),
(257, 'What is CEO of Comptech 4 All?', 1, 163, 'Active'),
(258, 'What is your name?', 1, 164, 'Active'),
(259, 'What is micro economics?', 1, 165, 'Active'),
(260, 'What is micro economics?', 1, 166, 'Active'),
(261, 'What is micro economics?', 1, 183, 'Active'),
(262, 'What is micro economics?', 1, 183, 'Active'),
(263, 'National income is:-', 1, 183, 'Active'),
(264, 'National income is:-', 1, 183, 'Active'),
(265, 'What is CEO of Comptech 4 All?', 1, 183, 'Active'),
(266, 'What is your name?', 1, 183, 'Active'),
(267, 'National income is:-', 1, 183, 'Active'),
(268, 'What is your name?', 1, 183, 'Active'),
(269, 'What is micro economics?', 1, 183, 'Active'),
(270, 'What is your name?', 1, 183, 'Active'),
(271, 'What is CEO of Comptech 4 All?', 2, 183, 'Active'),
(272, 'The internal fertilization leads to internal development of embryo which gives birth to young one, such animals are called:-', 2, 183, 'Active'),
(273, 'National income is:-', 2, 183, 'Active'),
(274, 'What is CEO of Comptech 4 All?', 2, 183, 'Active'),
(275, 'What is CEO of Comptech 4 All?', 2, 183, 'Active'),
(276, 'What is your name?', 1, 237, 'Active'),
(277, 'What is your name?', 1, 271, 'Active'),
(278, 'National income is:-', 1, 271, 'Active'),
(279, 'What is your name?', 1, 271, 'Active'),
(280, 'What is micro economics?', 1, 391, 'Active'),
(281, 'What is micro economics?', 1, 409, 'Active'),
(282, 'What is your name?jknkbmnbm', 1, 409, 'Active'),
(283, 'What is micro economics?', 1, 411, 'Active'),
(284, 'What is your name?', 1, 413, 'Active'),
(285, 'What is micro economics?', 2, 419, 'Active'),
(286, 'What is micro economics?', 1, 420, 'Active'),
(287, 'My sister insisted_________coming with us.', 1, 420, 'Active'),
(288, 'What is micro economics?', 1, 420, 'Active'),
(289, 'My sister insisted_________coming with us.', 1, 420, 'Active'),
(290, 'What is micro economics?', 1, 420, 'Active'),
(291, 'My sister insisted_________coming with us.', 1, 420, 'Active'),
(292, 'What is micro economics?', 1, 421, 'Active'),
(293, 'What is CEO of Comptech 4 All?', 1, 421, 'Active'),
(294, 'My name is Kashif Ali ?', 1, 422, 'Active'),
(295, 'Who is first President of Pakistan? hkhjk kkjhk kjkj ljkl  lklkl lkl lk', 1, 422, 'Block'),
(296, 'What is CEO of Comptech 4 All?', 2, 423, 'Active'),
(297, 'What is micro economics?', 1, 425, 'Active'),
(298, 'What is your name?', 1, 425, 'Active'),
(299, 'What is CEO of Comptech 4 All?', 2, 425, 'Active'),
(300, 'What is your name?', 1, 426, 'Active'),
(301, 'What is micro economics?', 1, 427, 'Active'),
(302, 'What is micro economics? adffdjf dkfjd fffffffffffffffffffffffffffffffffffffffffffffff dddddddddddddddddddddddddddd ?', 1, 427, 'Active'),
(303, 'What is micro economics?', 1, 428, 'Active'),
(304, 'What is your name?', 1, 428, 'Active'),
(305, 'What is your name?', 1, 428, 'Active'),
(306, 'What is CEO of Comptech 4 All?', 1, 428, 'Active'),
(307, 'What is your name?', 1, 428, 'Active'),
(308, 'What is CEO of Comptech 4 All?', 1, 428, 'Active'),
(309, 'What is your name?', 1, 428, 'Active'),
(310, 'What is micro economics?', 1, 428, 'Active'),
(311, 'What is your name? ', 1, 431, 'Active'),
(312, 'What is micro economics?', 1, 431, 'Active'),
(313, 'What is micro economics?', 1, 432, 'Active'),
(314, 'What is micro economics?', 1, 433, 'Active'),
(315, 'What is CEO of Comptech 4 All?', 1, 433, 'Active'),
(316, 'What is micro economics?', 2, 440, 'Active'),
(317, 'What is micro economics?', 1, 442, 'Active'),
(318, 'What is micro economics?', 1, 449, 'Active'),
(319, 'What is your name?', 1, 449, 'Active'),
(320, 'What is micro economics?', 2, 452, 'Active'),
(321, 'What is CEO of Comptech 4 All?', 1, 453, 'Active'),
(322, 'What is your name?', 1, 455, 'Active'),
(323, 'What is your name?', 1, 456, 'Active'),
(324, 'What is micro economics?', 1, 458, 'Active'),
(325, 'What is your name?', 1, 460, 'Active'),
(326, 'What is your name?', 1, 462, 'Active'),
(327, 'What is your name?', 1, 463, 'Active'),
(328, 'What is CEO of Comptech 4 All?', 1, 464, 'Active'),
(329, 'What is your name?', 1, 465, 'Active'),
(330, 'What is micro economics?', 1, 466, 'Active'),
(331, 'What is micro economics?', 1, 467, 'Active'),
(332, 'What is your name?', 1, 468, 'Active'),
(333, 'What is micro economics?', 1, 469, 'Active'),
(334, 'What is your name?', 1, 470, 'Active'),
(335, 'What is micro economics?', 1, 471, 'Active'),
(336, 'What is CEO of Comptech 4 All?', 1, 472, 'Active'),
(337, 'What is your name?', 1, 473, 'Active'),
(338, 'What is your name?', 1, 475, 'Active'),
(339, 'What is your name?', 1, 476, 'Active'),
(340, 'What is micro economics?', 1, 485, 'Active'),
(341, 'What is your name?', 1, 485, 'Active'),
(342, 'What is your name?', 1, 486, 'Active'),
(343, 'What is your name?', 1, 490, 'Active'),
(344, 'What is micro economics?', 1, 493, 'Active'),
(345, 'What is micro economics?', 1, 493, 'Active'),
(346, 'What is micro economics?', 1, 495, 'Active'),
(347, 'What is your name?', 1, 495, 'Active'),
(348, 'National income is:-', 1, 496, 'Active'),
(349, 'What is your name?', 1, 497, 'Active'),
(350, 'What is CEO of Comptech 4 All?', 1, 498, 'Active'),
(351, 'What is your name?', 1, 499, 'Active'),
(352, 'What is your name?', 1, 500, 'Active'),
(353, 'What is your name?', 1, 501, 'Active'),
(354, 'What is CEO of Comptech 4 All?', 1, 502, 'Active'),
(355, 'What is micro economics?', 1, 509, 'Active'),
(356, 'What is micro economics?', 2, 510, 'Active'),
(357, 'What is micro economics?', 2, 510, 'Active'),
(358, 'What is micro economics?', 2, 510, 'Active'),
(359, 'What is CEO of Comptech 4 All?', 1, 511, 'Active'),
(360, 'What is your name?', 1, 512, 'Active'),
(361, 'What is your name?', 1, 512, 'Active'),
(362, 'What is micro economics?', 1, 513, 'Active'),
(363, 'What is your name?', 1, 514, 'Active'),
(364, 'What is CEO of Comptech 4 All?', 1, 515, 'Active'),
(365, 'What is your name?', 1, 516, 'Active'),
(366, 'What is your name?', 1, 517, 'Active'),
(367, 'What is CEO of Comptech 4 All?', 1, 518, 'Active'),
(368, 'What is your name?sdfdfdfdf', 1, 519, 'Active'),
(369, 'What is your name?', 1, 521, 'Active'),
(370, 'What is micro economics?', 1, 528, 'Active'),
(371, 'What is your name?dsfd dfdfd dfdfdf', 1, 528, 'Active'),
(372, 'What is micro economics?', 1, 530, 'Active'),
(373, 'What is your name?', 1, 530, 'Active'),
(374, 'What is micro economics?', 1, 531, 'Active'),
(375, 'What is your name?', 1, 531, 'Active'),
(376, 'What is micro economics?', 0.5, 532, 'Active'),
(377, 'What is your name?', 1.5, 532, 'Active'),
(378, 'What is micro economics?', 1, 533, 'Active'),
(379, 'What is your name?', 1, 534, 'Active'),
(380, 'What is CEO of Comptech 4 All?', 1, 534, 'Active'),
(381, 'What is your name?', 1, 535, 'Active'),
(382, 'What is CEO of Comptech 4 All?', 1, 535, 'Active'),
(383, 'What is micro economics?', 1, 536, 'Active'),
(384, 'What is your name?', 1, 536, 'Active'),
(385, 'What is CEO of Comptech 4 All?', 1, 543, 'Active'),
(386, 'What is your name?', 1, 544, 'Active'),
(387, 'What is your name?', 1, 545, 'Active'),
(388, 'What is micro economics?', 0.5, 551, 'Active'),
(389, 'What is your name?', 0.5, 551, 'Active'),
(390, 'What is CEO of Comptech 4 All?', 1.5, 551, 'Active'),
(391, 'National income is:-jjl ljsd ', 1.5, 551, 'Active'),
(392, 'What is micro economics?', 0.5, 553, 'Active'),
(393, 'What is your name?', 0.5, 553, 'Active'),
(394, 'What is CEO of Comptech 4 All? erer', 0.5, 553, 'Active'),
(395, 'National income is:-', 0.5, 553, 'Active'),
(396, 'What is micro economics?', 1, 554, 'Active'),
(397, 'What is your name? dsf', 1, 554, 'Active'),
(398, 'What is micro economics?', 0.5, 555, 'Active'),
(399, 'What is CEO of Comptech 4 All?', 0.5, 555, 'Active'),
(400, 'What is CEO of Comptech 4 All? dsf', 0.5, 555, 'Active'),
(401, 'What is your name?', 0.5, 555, 'Active'),
(402, 'What is micro economics?', 0.5, 557, 'Active'),
(403, 'What is your name?', 0.5, 557, 'Active'),
(404, 'What is CEO of Comptech 4 All? df', 0.5, 557, 'Active'),
(405, 'National income is:-', 0.5, 557, 'Active'),
(406, 'What is micro economics?', 0.5, 558, 'Active'),
(407, 'What is your name? dsfd', 0.5, 558, 'Active'),
(408, 'What is your name? kjhkj', 0.5, 558, 'Active'),
(409, 'National income is:-', 0.5, 558, 'Active'),
(410, 'What is micro economics?', 0.5, 559, 'Active'),
(411, 'What is your name? dffd', 0.5, 559, 'Active'),
(412, 'What is CEO of Comptech 4 All?', 0.5, 559, 'Active'),
(413, 'National income is:-', 0.5, 559, 'Active'),
(414, 'What is micro economics?', 0.5, 563, 'Active'),
(415, 'What is your name?', 0.5, 563, 'Active'),
(416, 'What is CEO of Comptech 4 All?', 0.5, 563, 'Active'),
(417, 'National income is:-', 0.5, 563, 'Active'),
(418, 'What is micro economics?', 0.5, 564, 'Active'),
(419, 'What is CEO of Comptech 4 All?', 0.5, 564, 'Active'),
(420, 'What is micro economics?', 0.5, 565, 'Active'),
(421, 'What is CEO of Comptech 4 All?', 0.5, 565, 'Active'),
(422, 'what is your name ?', 1, 581, 'Active'),
(423, 'what is your name ?', 1, 582, 'Active'),
(424, 'what is your name ?', 1, 584, 'Active'),
(425, 'what is your name ?', 1, 587, 'Active'),
(426, 'what is your name ?', 1, 591, 'Active'),
(427, 'what is your name ?', 1, 592, 'Active'),
(428, 'what is your name ?KJJK', 1, 592, 'Active'),
(429, 'what is your name ?', 2, 593, 'Active'),
(430, 'what is your name ?', 1, 594, 'Active'),
(431, 'what is your name ?', 1, 597, 'Active'),
(432, 'what is your name ?', 1, 597, 'Active'),
(433, 'what is your name ?', 1, 597, 'Active'),
(434, 'what is your name ?', 1, 597, 'Active'),
(435, 'what is your name ?', 1, 597, 'Active'),
(436, 'what is your name ?', 1, 597, 'Active'),
(437, 'what is your name ?', 1, 597, 'Active'),
(438, 'what is your _____________ name ?', 1, 598, 'Active'),
(439, 'what is your name ? asd', 1, 599, 'Active'),
(440, 'what is your name ? asd', 1, 599, 'Active'),
(441, 'what is your name ?', 1, 601, 'Active'),
(442, 'what is your name ?', 1, 602, 'Active'),
(443, 'what is your name ?', 1, 603, 'Active'),
(444, 'what is your name ?', 1, 604, 'Active'),
(445, 'what is your name ?', 1, 605, 'Active'),
(446, 'what is your name ?', 1, 608, 'Active'),
(447, 'what is your name ?', 1, 608, 'Active'),
(448, 'what is your name ?', 1, 609, 'Active'),
(449, 'what is your name ?', 1, 611, 'Active'),
(450, 'what is your name ?', 2, 612, 'Active'),
(451, 'what is your name ? asd', 2, 613, 'Active'),
(452, 'what is your name ?', 1, 626, 'Active'),
(453, 'what is your name ? asd', 1, 626, 'Active'),
(454, 'what is your name ?', 1, 626, 'Active'),
(455, 'what is your name ? asd', 1, 626, 'Active'),
(456, 'what is your name ?', 1, 626, 'Active'),
(457, 'what is your name ? asd', 1, 626, 'Active'),
(458, 'what is your name ?', 1, 628, 'Active'),
(459, 'What is your name ?', 2, 632, 'Active'),
(460, 'What is your Father Name ?', 1, 632, 'Block'),
(461, 'What is your name ?', 2, 633, 'Active'),
(462, 'What is yourr Father name?', 2, 633, 'Block'),
(463, 'What is your name ?', 2, 634, 'Active'),
(464, 'xzczxc dffdsfdfd', 2, 634, 'Block'),
(465, 'What is your name ?', 2, 635, 'Active'),
(466, 'dsfdsfdsdsf dsfdsf dsfd', 2, 635, 'Block'),
(467, 'What is your name ?', 1, 640, 'Active'),
(468, 'ffsdfdsf fdfdsf dsfdsdf', 1, 640, 'Active'),
(469, 'sdfdfdfs dsfdf sfdsfsdfsdf sdff', 1, 640, 'Active'),
(470, 'sdfdsf sfdfd fdsfd sdfdf dsfs', 1, 640, 'Active'),
(471, 'sdfdsfsdf sdffsfdsfdsfdsf dsfdf sfdfsf', 1, 640, 'Block'),
(472, 'sdfdfdfd sdfdsfd fdsfsfdf dsfdsfdssd dsfdsf', 1, 640, 'Block'),
(473, 'What is your name ?', 1, 641, 'Active'),
(474, 'skljdflkdsjfl jdskfjdljfljfls slkdjfsdklfjd lkjsdflkdfj lksjdfkldjf ', 1, 641, 'Active'),
(475, 'ksdjflkjsdlfj ljdfdlkfj dlkjfklds fklsdjf lksdjfklsd fslkfjdkslfj', 1, 641, 'Active'),
(476, 'wueiroeuroiunv ioweuriour oroiuewoiru eoiurioew ru', 1, 641, 'Active'),
(477, 'iweuiruoru oeiuroir uewoiruew roieru eworuriow riouroiruw rwe', 1, 641, 'Block'),
(478, 'iowueroiewro uwoeirueiro iourewoir oe ourwioer uowuwoie oiwr eoiuewr ', 1, 641, 'Block'),
(479, 'lweuriouero,mxznc,xn,cnx,n,c,m nzxmcn,', 1, 641, 'Block'),
(480, 'oiweuriouweo oiwurior uowuroi roiewuro woiuoweur oweueo', 1, 641, 'Block'),
(481, 'What is your name ?', 2, 643, 'Active'),
(482, 'iouweroi ioeurio oiuer oiuoreo roiuer', 2, 643, 'Active'),
(483, 'iwueir oiu oieruioe roiurioe uroiur oiru eoiu', 2, 643, 'Active'),
(484, 'lksdjflkdf kljfk dsjlk jlskdjfkl sjklfjs dlkjsfklsd', 1, 643, 'Active'),
(485, 'mnbxzbxc bxnmbxcmn bnzxnc xzmbc nmbcnx', 1, 643, 'Active'),
(486, 'lkdsj klj lfkjdsl lkjklf jsdlkj slkj sdjlsdkj', 2, 643, 'Block'),
(487, 'jksldk klj skdjfkl kjsklf jskl jksljf lksdjflks', 2, 643, 'Block'),
(488, 'mzbxcmmb bz cbnz znbcxm mnbxzcm ', 1, 643, 'Block'),
(489, 'What is your name ?', 1, 644, 'Active'),
(490, 'klsf kj dljkflk dsfjkljf ldskjflk lkjsdfkl jflkdfj dlkjfdksl fjklf lksdjfklsd', 1, 644, 'Active'),
(491, 'lkjsdf jklds fkljkldjfkld fjsdklfjdlf lkjflkdsjf', 1, 644, 'Active'),
(492, 'klsdjf djklfdslf djfldsf lkjsdlkf jsdlkjflkjfklds flkdsj kljsf ', 1, 644, 'Active'),
(493, 'slkdjfkldsj fjfsd lkjfkldsjf dslkjfdslkfjsdf sdlkjs fsdlk jfsdklfds', 1, 644, 'Active'),
(494, 'ioweurioueor oeiwroiu ewoir lksdjflkj kj dlkfds', 1, 644, 'Block'),
(495, 'kjdsf kdsj kljfk ldsfjlkdsj flkjf kldsjfs dfkljdsf lsdf', 2, 644, 'Block'),
(496, 'iouwe iuwer oiueri ew oiuerio oiuwe ', 2, 644, 'Block'),
(497, 'What is your name ?', 1, 646, 'Active'),
(498, 'dskjf lkjds flkdjf lkjdf kljfds flkjdsf lsd', 1, 646, 'Active'),
(499, 'sdjkljsd klkljd kldlkjd fklsjd flksjf lsjkf klsdjfdslkf sldkjf jfsdlkjfs', 1, 646, 'Active'),
(500, 'oiwueroieu eiou roiur oiure eworiuer eoiu rieoruew', 1, 646, 'Active'),
(501, 'kjsd flksjdfklsdfkls fsld flsdjflsdkf jslkd fklsdj fdlks', 2, 646, 'Active'),
(502, 'iweur eeiruweori oiruowei urweoiru ewoiru weoiru', 2, 646, 'Active'),
(503, 'klsdj fkljs dlfkjsdf lsjfslk fjdslkflds fljsdkfj lksdjflsdk fjdsklfjdsl', 1, 646, 'Block'),
(504, 'jds fldksj flsdkjflksdjf ldskjfldksjf ldskfj sdlkfjdslkf dsjlf lkdsjflkds ', 1, 646, 'Block'),
(505, 'uweoi oieuroi euroi eiuoer oiuroiw ruoiewu roiwuro iweruo ', 2, 646, 'Block'),
(506, 'kdjsk kjd fjsdf lskdjfjsdsld  kjdkdsjflkdjf jdkjf dlsjfds kljsdfklsdf sdj', 2, 646, 'Block');

-- --------------------------------------------------------

--
-- Table structure for table `sq`
--

CREATE TABLE `sq` (
  `sq_id` int(11) NOT NULL,
  `t_marks_sq` float NOT NULL,
  `quan_sq` int(11) NOT NULL,
  `q_p_formate_id` int(11) NOT NULL,
  `status` varchar(500) NOT NULL
) ENGINE=InnoDB DEFAULT CHARSET=latin1;

--
-- Dumping data for table `sq`
--

INSERT INTO `sq` (`sq_id`, `t_marks_sq`, `quan_sq`, `q_p_formate_id`, `status`) VALUES
(113, 20, 5, 246, 'Active'),
(114, 2, 2, 253, 'Active'),
(115, 50, 10, 255, 'Active'),
(116, 20, 10, 0, 'Active'),
(117, 20, 1, 265, 'Active'),
(118, 1, 1, 267, 'Active'),
(119, 3, 3, 271, 'Active'),
(120, 1, 1, 391, 'Active'),
(121, 2, 2, 409, 'Active'),
(122, 1, 1, 411, 'Active'),
(123, 1, 1, 412, 'Active'),
(124, 1, 1, 413, 'Active'),
(125, 2, 1, 419, 'Active'),
(126, 2, 2, 420, 'Active'),
(127, 2, 2, 421, 'Active'),
(128, 2, 2, 422, 'Active'),
(129, 2, 1, 423, 'Active'),
(130, 4, 2, 425, 'Active'),
(131, 1, 1, 426, 'Active'),
(132, 2, 2, 427, 'Active'),
(133, 8, 8, 428, 'Active'),
(134, 2, 2, 431, 'Active'),
(135, 1, 1, 432, 'Active'),
(136, 2, 2, 433, 'Active'),
(137, 2, 1, 440, 'Active'),
(138, 1, 1, 442, 'Active'),
(139, 2, 2, 449, 'Active'),
(140, 2, 1, 452, 'Active'),
(141, 1, 1, 453, 'Active'),
(142, 1, 1, 455, 'Active'),
(143, 1, 1, 456, 'Active'),
(144, 1, 1, 458, 'Active'),
(145, 1, 1, 460, 'Active'),
(146, 1, 1, 462, 'Active'),
(147, 1, 1, 463, 'Active'),
(148, 1, 1, 464, 'Active'),
(149, 1, 1, 465, 'Active'),
(150, 1, 1, 466, 'Active'),
(151, 1, 1, 467, 'Active'),
(152, 1, 1, 468, 'Active'),
(153, 1, 1, 469, 'Active'),
(154, 1, 1, 470, 'Active'),
(155, 1, 1, 471, 'Active'),
(156, 1, 1, 472, 'Active'),
(157, 1, 1, 473, 'Active'),
(158, 1, 1, 474, 'Active'),
(159, 1, 1, 475, 'Active'),
(160, 1, 1, 476, 'Active'),
(161, 1, 1, 477, 'Active'),
(162, 1, 1, 478, 'Active'),
(163, 1, 1, 479, 'Active'),
(164, 1, 1, 480, 'Active'),
(165, 1, 1, 481, 'Active'),
(166, 1, 1, 482, 'Active'),
(167, 1, 1, 483, 'Active'),
(168, 1, 1, 484, 'Active'),
(169, 2, 2, 485, 'Active'),
(170, 1, 1, 486, 'Active'),
(171, 1, 1, 490, 'Active'),
(172, 2, 2, 493, 'Active'),
(173, 2, 2, 495, 'Active'),
(174, 1, 1, 496, 'Active'),
(175, 1, 1, 497, 'Active'),
(176, 1, 1, 498, 'Active'),
(177, 1, 1, 499, 'Active'),
(178, 1, 1, 500, 'Active'),
(179, 1, 1, 501, 'Active'),
(180, 1, 1, 502, 'Active'),
(181, 1, 1, 503, 'Active'),
(182, 1, 1, 504, 'Active'),
(183, 1, 1, 508, 'Active'),
(184, 1, 1, 509, 'Active'),
(185, 2, 1, 510, 'Active'),
(186, 1, 1, 511, 'Active'),
(187, 1, 1, 512, 'Active'),
(188, 1, 1, 513, 'Active'),
(189, 1, 1, 514, 'Active'),
(190, 1, 1, 515, 'Active'),
(191, 1, 1, 516, 'Active'),
(192, 1, 1, 517, 'Active'),
(193, 1, 1, 518, 'Active'),
(194, 1, 1, 519, 'Active'),
(195, 1, 1, 521, 'Active'),
(196, 2, 2, 528, 'Active'),
(197, 2, 2, 530, 'Active'),
(198, 2, 2, 531, 'Active'),
(199, 2, 2, 532, 'Active'),
(200, 1, 1, 533, 'Active'),
(201, 2, 2, 534, 'Active'),
(202, 2, 2, 535, 'Active'),
(203, 2, 2, 536, 'Active'),
(204, 1, 1, 543, 'Active'),
(205, 1, 1, 544, 'Active'),
(206, 1, 1, 545, 'Active'),
(207, 4, 4, 551, 'Active'),
(208, 2, 4, 553, 'Active'),
(209, 2, 2, 554, 'Active'),
(210, 2, 4, 555, 'Active'),
(211, 2, 4, 557, 'Active'),
(212, 2, 4, 558, 'Active'),
(213, 2, 4, 559, 'Active'),
(214, 2, 4, 563, 'Active'),
(215, 1, 2, 564, 'Active'),
(216, 1, 2, 565, 'Active'),
(217, 1, 1, 579, 'Active'),
(218, 1, 1, 580, 'Active'),
(219, 1, 1, 581, 'Active'),
(220, 1, 1, 582, 'Active'),
(221, 1, 1, 584, 'Active'),
(222, 1, 1, 586, 'Active'),
(223, 1, 1, 587, 'Active'),
(224, 1, 1, 589, 'Active'),
(225, 1, 1, 591, 'Active'),
(226, 2, 2, 592, 'Active'),
(227, 2, 1, 593, 'Active'),
(228, 1, 1, 594, 'Active'),
(229, 1, 1, 595, 'Active'),
(230, 1, 1, 596, 'Active'),
(231, 1, 1, 597, 'Active'),
(232, 1, 1, 598, 'Active'),
(233, 1, 1, 599, 'Active'),
(234, 1, 1, 601, 'Active'),
(235, 1, 1, 602, 'Active'),
(236, 1, 1, 603, 'Active'),
(237, 1, 1, 604, 'Active'),
(238, 1, 1, 605, 'Active'),
(239, 2, 1, 606, 'Active'),
(240, 1, 1, 608, 'Active'),
(241, 1, 1, 609, 'Active'),
(242, 1, 1, 610, 'Active'),
(243, 1, 1, 611, 'Active'),
(244, 2, 1, 612, 'Active'),
(245, 2, 1, 613, 'Active'),
(246, 2, 2, 626, 'Active'),
(247, 1, 1, 628, 'Active'),
(248, 2, 2, 632, 'Active'),
(249, 2, 2, 633, 'Active'),
(250, 2, 2, 634, 'Active'),
(251, 2, 2, 635, 'Active'),
(252, 4, 5, 638, 'Active'),
(253, 4, 5, 639, 'Active'),
(254, 4, 6, 640, 'Active'),
(255, 4, 8, 641, 'Active'),
(256, 8, 8, 643, 'Active'),
(257, 5, 8, 644, 'Active'),
(258, 6, 0, 645, 'Active'),
(259, 8, 10, 646, 'Active');

-- --------------------------------------------------------

--
-- Table structure for table `sq_formate2`
--

CREATE TABLE `sq_formate2` (
  `sq_formate_id` int(11) NOT NULL,
  `question_no` int(11) NOT NULL,
  `t_marks_q` float NOT NULL,
  `s_q` int(11) NOT NULL,
  `a_q` int(11) NOT NULL,
  `each_marks` float NOT NULL,
  `q_p_formate_id` int(11) NOT NULL,
  `status` varchar(500) NOT NULL
) ENGINE=InnoDB DEFAULT CHARSET=latin1;

-- --------------------------------------------------------

--
-- Table structure for table `std_course_alloc`
--

CREATE TABLE `std_course_alloc` (
  `std_c_al_id` int(11) NOT NULL,
  `user_id` int(11) NOT NULL,
  `course_id` int(11) NOT NULL,
  `status` varchar(255) NOT NULL
) ENGINE=InnoDB DEFAULT CHARSET=latin1;

--
-- Dumping data for table `std_course_alloc`
--

INSERT INTO `std_course_alloc` (`std_c_al_id`, `user_id`, `course_id`, `status`) VALUES
(48, 61, 19, 'Block'),
(50, 62, 12, 'Active'),
(51, 62, 13, 'Active'),
(52, 62, 14, 'Active'),
(53, 62, 15, 'Active'),
(54, 62, 16, 'Active'),
(55, 62, 17, 'Active'),
(56, 62, 18, 'Active'),
(57, 62, 19, 'Active'),
(58, 68, 12, 'Active'),
(59, 68, 13, 'Active'),
(61, 68, 15, 'Active'),
(62, 68, 16, 'Active'),
(63, 68, 20, 'Active'),
(64, 68, 21, 'Active'),
(65, 68, 22, 'Active'),
(66, 68, 23, 'Active'),
(67, 62, 12, 'Active'),
(68, 62, 13, 'Active'),
(69, 62, 14, 'Active'),
(70, 62, 15, 'Active'),
(71, 62, 16, 'Active'),
(72, 62, 17, 'Active'),
(73, 62, 18, 'Active'),
(74, 62, 19, 'Active'),
(75, 59, 12, 'Active'),
(76, 59, 13, 'Active'),
(77, 59, 12, 'Active'),
(78, 59, 13, 'Active'),
(79, 59, 14, 'Active'),
(80, 59, 15, 'Active'),
(81, 59, 16, 'Active'),
(82, 59, 17, 'Active'),
(83, 59, 18, 'Active'),
(84, 59, 19, 'Active'),
(85, 59, 20, 'Active'),
(86, 59, 21, 'Active'),
(87, 59, 22, 'Active');

-- --------------------------------------------------------

--
-- Table structure for table `teach_course_alloc`
--

CREATE TABLE `teach_course_alloc` (
  `teach_c_al_id` int(11) NOT NULL,
  `user_id` int(11) NOT NULL,
  `course_id` int(11) NOT NULL,
  `status` varchar(50) NOT NULL
) ENGINE=InnoDB DEFAULT CHARSET=latin1;

--
-- Dumping data for table `teach_course_alloc`
--

INSERT INTO `teach_course_alloc` (`teach_c_al_id`, `user_id`, `course_id`, `status`) VALUES
(4, 63, 19, 'Active'),
(7, 66, 14, 'Active'),
(8, 66, 15, 'Active'),
(9, 65, 12, 'Active'),
(10, 65, 13, 'Active'),
(11, 65, 14, 'Active'),
(12, 65, 15, 'Active'),
(13, 65, 16, 'Active'),
(14, 65, 17, 'Active'),
(15, 65, 18, 'Active'),
(16, 65, 19, 'Active'),
(17, 64, 12, 'Active'),
(18, 64, 13, 'Active'),
(19, 64, 14, 'Active'),
(20, 64, 15, 'Active'),
(21, 64, 16, 'Active'),
(22, 64, 17, 'Active'),
(23, 64, 18, 'Active'),
(24, 64, 19, 'Active'),
(25, 64, 20, 'Active'),
(26, 69, 21, 'Active'),
(27, 70, 12, 'Active'),
(28, 70, 13, 'Active'),
(29, 70, 14, 'Active'),
(30, 70, 15, 'Active'),
(31, 70, 16, 'Active'),
(32, 70, 17, 'Active'),
(33, 70, 18, 'Active'),
(34, 70, 19, 'Active'),
(35, 70, 20, 'Active'),
(36, 70, 21, 'Active'),
(37, 72, 12, 'Active'),
(38, 72, 13, 'Active'),
(39, 72, 14, 'Active'),
(40, 72, 15, 'Active'),
(41, 72, 16, 'Active'),
(42, 72, 17, 'Active'),
(43, 72, 18, 'Active'),
(44, 72, 19, 'Active'),
(45, 72, 20, 'Active'),
(46, 72, 21, 'Active'),
(47, 72, 22, 'Active'),
(48, 71, 12, 'Active'),
(49, 71, 13, 'Active'),
(50, 71, 14, 'Active'),
(51, 71, 15, 'Active'),
(52, 71, 16, 'Active'),
(53, 71, 17, 'Active'),
(54, 71, 18, 'Active'),
(55, 71, 19, 'Active'),
(56, 71, 20, 'Active'),
(57, 71, 21, 'Active'),
(58, 71, 22, 'Active'),
(59, 75, 26, 'Active'),
(60, 75, 27, 'Active'),
(61, 76, 26, 'Active'),
(62, 76, 27, 'Active'),
(63, 76, 28, 'Active'),
(64, 76, 29, 'Active'),
(65, 76, 30, 'Active'),
(66, 77, 26, 'Active'),
(67, 77, 27, 'Active'),
(68, 77, 28, 'Active'),
(69, 77, 29, 'Active'),
(70, 77, 30, 'Active'),
(71, 75, 26, 'Active'),
(72, 75, 27, 'Active'),
(73, 75, 28, 'Active'),
(74, 75, 29, 'Active'),
(75, 75, 30, 'Active'),
(76, 78, 26, 'Active'),
(77, 78, 27, 'Active'),
(78, 78, 28, 'Active'),
(79, 78, 29, 'Active'),
(80, 78, 30, 'Active'),
(81, 81, 26, 'Active'),
(82, 81, 27, 'Active'),
(83, 81, 28, 'Active'),
(84, 81, 29, 'Active'),
(85, 81, 30, 'Active'),
(86, 81, 31, 'Active'),
(87, 81, 32, 'Active'),
(88, 81, 33, 'Active'),
(89, 81, 34, 'Active'),
(90, 82, 30, 'Active'),
(91, 82, 32, 'Active'),
(92, 83, 26, 'Active'),
(93, 83, 27, 'Active'),
(94, 83, 28, 'Active'),
(95, 83, 29, 'Active'),
(96, 83, 30, 'Active'),
(97, 83, 31, 'Active'),
(98, 84, 26, 'Active'),
(99, 84, 27, 'Active'),
(100, 84, 28, 'Active'),
(101, 84, 29, 'Active'),
(102, 84, 30, 'Active'),
(103, 84, 31, 'Active'),
(104, 84, 32, 'Active'),
(105, 84, 33, 'Active');

-- --------------------------------------------------------

--
-- Table structure for table `tf`
--

CREATE TABLE `tf` (
  `tf_id` int(11) NOT NULL,
  `t_marks_tf` float NOT NULL,
  `quan_tf` int(11) NOT NULL,
  `each_tf` float NOT NULL,
  `q_p_formate_id` int(11) NOT NULL
) ENGINE=InnoDB DEFAULT CHARSET=latin1;

--
-- Dumping data for table `tf`
--

INSERT INTO `tf` (`tf_id`, `t_marks_tf`, `quan_tf`, `each_tf`, `q_p_formate_id`) VALUES
(84, 20, 20, 1, 246),
(85, 100, 100, 1, 249),
(86, 3, 3, 1, 251),
(87, 4, 4, 1, 252),
(88, 15, 15, 1, 257),
(89, 2, 2, 1, 259),
(90, 3, 3, 1, 260),
(91, 20, 20, 1, 0),
(92, 20, 20, 1, 265),
(93, 3, 3, 1, 267),
(94, 1, 1, 1, 270),
(95, 2, 1, 2, 274),
(96, 1, 1, 1, 279),
(97, 1, 1, 1, 280),
(98, 1, 1, 1, 281),
(99, 2, 2, 1, 282),
(100, 1, 1, 1, 283),
(101, 1, 1, 1, 284),
(102, 2, 1, 2, 285),
(103, 2, 2, 1, 286),
(104, 2, 2, 1, 287),
(105, 2, 2, 1, 288),
(106, 1, 1, 1, 292),
(107, 1, 1, 1, 296),
(108, 2, 2, 1, 297),
(109, 1, 1, 1, 342),
(110, 1, 1, 1, 343),
(111, 1, 1, 1, 344),
(112, 2, 2, 1, 345),
(113, 1, 1, 1, 346),
(114, 1, 1, 1, 347),
(115, 1, 1, 1, 348),
(116, 2, 2, 1, 349),
(117, 2, 2, 1, 350),
(118, 1, 1, 1, 351),
(119, 2, 2, 1, 353),
(120, 1, 1, 1, 354),
(121, 1, 1, 1, 355),
(122, 1, 1, 1, 358),
(123, 1, 1, 1, 359),
(124, 2, 2, 1, 363),
(125, 2, 2, 1, 364),
(126, 2, 2, 1, 371),
(127, 1, 1, 1, 382),
(128, 1, 1, 1, 383),
(129, 1, 1, 1, 384),
(130, 1, 1, 1, 391),
(131, 1, 1, 1, 393),
(132, 1, 1, 1, 394),
(133, 1, 1, 1, 395),
(134, 1, 1, 1, 397),
(135, 1, 1, 1, 398),
(136, 1, 1, 1, 399),
(137, 1, 1, 1, 401),
(138, 1, 1, 1, 402),
(139, 1, 1, 1, 403),
(140, 1, 1, 1, 404),
(141, 1, 1, 1, 405),
(142, 1, 1, 1, 407),
(143, 1, 1, 1, 408),
(144, 1, 1, 1, 412),
(145, 1, 1, 1, 413),
(146, 1, 1, 1, 414),
(147, 1, 1, 1, 415),
(148, 2, 2, 1, 416),
(149, 1, 1, 1, 417),
(150, 1, 1, 1, 418),
(151, 1, 1, 1, 426),
(152, 1, 1, 1, 437),
(153, 1, 1, 1, 438),
(154, 1, 1, 1, 439),
(155, 1, 1, 1, 445),
(156, 1, 1, 1, 447),
(157, 1, 1, 1, 448),
(158, 1, 1, 1, 453),
(159, 2, 2, 1, 454),
(160, 1, 1, 1, 455),
(161, 1, 1, 1, 456),
(162, 1, 1, 1, 457),
(163, 1, 1, 1, 458),
(164, 1, 1, 1, 459),
(165, 1, 1, 1, 460),
(166, 1, 1, 1, 461),
(167, 1, 1, 1, 463),
(168, 1, 1, 1, 473),
(169, 1, 1, 1, 474),
(170, 1, 1, 1, 475),
(171, 1, 1, 1, 476),
(172, 1, 1, 1, 486),
(173, 1, 1, 1, 487),
(174, 1, 1, 1, 492),
(175, 1, 1, 1, 496),
(176, 1, 1, 1, 502),
(177, 1, 1, 1, 516),
(178, 1, 1, 1, 517),
(179, 1, 1, 1, 519),
(180, 1, 1, 1, 520),
(181, 1, 1, 1, 521),
(182, 2, 2, 1, 523),
(183, 2, 2, 1, 525),
(184, 2, 2, 1, 526),
(185, 2, 2, 1, 527),
(186, 2, 2, 1, 531),
(187, 2, 2, 1, 535),
(188, 2, 2, 1, 536),
(189, 1, 1, 1, 541),
(190, 1, 1, 1, 542),
(191, 1, 1, 1, 544),
(192, 1, 1, 1, 545),
(193, 2, 2, 1, 547),
(194, 2, 2, 1, 549),
(195, 2, 2, 1, 550),
(196, 2, 2, 1, 554),
(197, 2, 4, 0.5, 558),
(198, 2, 4, 0.5, 559),
(199, 2, 4, 0.5, 561),
(200, 2, 4, 0.5, 562),
(201, 2, 2, 1, 564),
(202, 2, 2, 1, 565),
(203, 3, 3, 1, 568),
(204, 3, 3, 1, 572),
(205, 3, 3, 1, 573),
(206, 3, 3, 1, 574),
(207, 2, 2, 1, 575),
(208, 2, 2, 1, 576),
(209, 3, 3, 1, 577),
(210, 3, 3, 1, 578),
(211, 2, 2, 1, 583),
(212, 2, 2, 1, 586),
(213, 2, 2, 1, 588),
(214, 1, 1, 1, 589),
(215, 2, 2, 1, 590),
(216, 2, 2, 1, 591),
(217, 1, 1, 1, 592),
(218, 1, 1, 1, 593),
(219, 1, 1, 1, 594),
(220, 1, 1, 1, 595),
(221, 1, 1, 1, 596),
(222, 1, 1, 1, 597),
(223, 1, 1, 1, 598),
(224, 1, 1, 1, 599),
(225, 1, 1, 1, 600),
(226, 1, 1, 1, 601),
(227, 2, 2, 1, 604),
(228, 2, 2, 1, 605),
(229, 1.5, 1, 1.5, 610),
(230, 1, 1, 1, 611),
(231, 1, 1, 1, 612),
(232, 1, 1, 1, 613),
(233, 1, 1, 1, 614),
(234, 2, 2, 1, 618),
(235, 1, 1, 1, 622),
(236, 1, 1, 1, 623),
(237, 1, 1, 1, 624),
(238, 1, 1, 1, 625);

-- --------------------------------------------------------

--
-- Table structure for table `tf_answers`
--

CREATE TABLE `tf_answers` (
  `ans_id` int(11) NOT NULL,
  `option_name` varchar(500) NOT NULL,
  `ans` varchar(500) NOT NULL,
  `question_id` int(11) NOT NULL,
  `correct_ans` varchar(500) NOT NULL,
  `status` varchar(500) NOT NULL
) ENGINE=InnoDB DEFAULT CHARSET=latin1;

--
-- Dumping data for table `tf_answers`
--

INSERT INTO `tf_answers` (`ans_id`, `option_name`, `ans`, `question_id`, `correct_ans`, `status`) VALUES
(314, 'A', 'True', 95, 'A', 'Active'),
(315, 'B', 'False', 95, '0', 'Active'),
(316, 'A', 'True', 96, 'A', 'Active'),
(317, 'B', 'False', 96, '0', 'Active'),
(318, 'A', 'True', 97, '0', 'Active'),
(319, 'B', 'False', 97, 'B', 'Active'),
(320, 'A', 'True', 98, '0', 'Active'),
(321, 'B', 'False', 98, 'B', 'Active'),
(322, 'A', 'True', 99, 'Yes', 'Active'),
(323, 'B', 'False', 99, 'No', 'Active'),
(324, 'A', 'True', 100, 'Yes', 'Active'),
(325, 'B', 'False', 100, 'No', 'Active'),
(326, 'A', 'True', 103, 'Yes', 'Active'),
(327, 'B', 'False', 103, 'No', 'Active'),
(328, 'A', 'True', 104, '0', 'Active'),
(329, 'B', 'False', 104, 'B', 'Active'),
(330, 'A', 'True', 105, '0', 'Active'),
(331, 'B', 'False', 105, 'B', 'Active'),
(332, 'A', 'True', 106, 'A', 'Active'),
(333, 'B', 'False', 106, '0', 'Active'),
(334, 'A', 'True', 107, 'Yes', 'Active'),
(335, 'B', 'False', 107, 'No', 'Active'),
(336, 'A', 'True', 108, 'Yes', 'Active'),
(337, 'B', 'False', 108, 'No', 'Active'),
(338, 'A', 'True', 109, 'Yes', 'Active'),
(339, 'A', 'True', 111, 'A', 'Active'),
(340, 'B', 'False', 111, '0', 'Active'),
(341, 'A', 'True', 112, '0', 'Active'),
(342, 'B', 'False', 112, 'B', 'Active'),
(343, 'A', 'True', 113, 'A', 'Active'),
(344, 'B', 'False', 113, '0', 'Active'),
(345, 'A', 'True', 114, '0', 'Active'),
(346, 'B', 'False', 114, 'B', 'Active'),
(347, 'A', 'True', 115, '0', 'Active'),
(348, 'B', 'False', 115, 'B', 'Active'),
(349, 'A', 'True', 116, 'Yes', 'Active'),
(350, 'B', 'False', 116, 'No', 'Active'),
(351, 'A', 'True', 117, 'A', 'Active'),
(352, 'B', 'False', 117, '0', 'Active'),
(353, 'A', 'True', 118, '0', 'Active'),
(354, 'B', 'False', 118, 'B', 'Active'),
(355, 'A', 'True', 119, 'Yes', 'Active'),
(356, 'B', 'False', 119, 'No', 'Active'),
(357, 'A', 'True', 120, 'Yes', 'Active'),
(358, 'A', 'True', 120, 'Yes', 'Active'),
(359, 'A', 'True', 121, 'Yes', 'Active'),
(360, 'B', 'False', 121, 'No', 'Active'),
(361, 'A', 'True', 122, 'Yes', 'Active'),
(362, 'B', 'False', 122, 'No', 'Active'),
(363, 'A', 'True', 123, 'Yes', 'Active'),
(364, 'B', 'False', 123, 'No', 'Active'),
(365, 'A', 'True', 124, 'Yes', 'Active'),
(366, 'B', 'False', 124, 'No', 'Active'),
(367, 'A', 'True', 125, 'Yes', 'Active'),
(368, 'B', 'False', 125, 'No', 'Active'),
(369, 'A', 'True', 126, '0', 'Active'),
(370, 'B', 'False', 126, 'B', 'Active'),
(371, 'A', 'True', 127, '0', 'Active'),
(372, 'B', 'False', 127, 'B', 'Active'),
(373, 'A', 'True', 128, '0', 'Active'),
(374, 'B', 'False', 128, 'B', 'Active'),
(375, 'A', 'True', 129, 'A', 'Active'),
(376, 'B', 'False', 129, '0', 'Active'),
(377, 'A', 'True', 130, '0', 'Active'),
(378, 'B', 'False', 130, 'B', 'Active'),
(379, 'A', 'True', 131, '0', 'Active'),
(380, 'B', 'False', 131, 'B', 'Active'),
(381, 'A', 'True', 132, '0', 'Active'),
(382, 'B', 'False', 132, 'B', 'Active'),
(383, 'A', 'True', 133, 'A', 'Active'),
(384, 'B', 'False', 133, '0', 'Active'),
(385, 'A', 'True', 134, '0', 'Active'),
(386, 'B', 'False', 134, 'B', 'Active'),
(387, 'A', 'True', 135, '0', 'Active'),
(388, 'B', 'False', 135, 'B', 'Active'),
(389, 'A', 'True', 136, '0', 'Active'),
(390, 'B', 'False', 136, 'B', 'Active'),
(391, 'A', 'True', 137, '0', 'Active'),
(392, 'B', 'False', 137, 'B', 'Active'),
(393, 'A', 'True', 138, '0', 'Active'),
(394, 'B', 'False', 138, 'B', 'Active'),
(395, 'A', 'True', 139, '0', 'Active'),
(396, 'B', 'False', 139, 'B', 'Active'),
(397, 'A', 'True', 140, '0', 'Active'),
(398, 'B', 'False', 140, 'B', 'Active'),
(399, 'A', 'True', 141, '0', 'Active'),
(400, 'B', 'False', 141, 'B', 'Active'),
(401, 'A', 'True', 142, '0', 'Active'),
(402, 'B', 'False', 142, 'B', 'Active'),
(403, 'A', 'True', 143, '0', 'Active'),
(404, 'B', 'False', 143, 'B', 'Active'),
(405, 'A', 'True', 144, 'A', 'Active'),
(406, 'B', 'False', 144, '0', 'Active'),
(407, 'A', 'True', 145, '0', 'Active'),
(408, 'B', 'False', 145, 'B', 'Active'),
(409, 'A', 'True', 146, '0', 'Active'),
(410, 'B', 'False', 146, 'B', 'Active'),
(411, 'A', 'True', 147, '0', 'Active'),
(412, 'B', 'False', 147, 'B', 'Active'),
(413, 'A', 'True', 148, '0', 'Active'),
(414, 'B', 'False', 148, 'B', 'Active'),
(415, 'A', 'True', 149, '0', 'Active'),
(416, 'B', 'False', 149, 'B', 'Active'),
(417, 'A', 'True', 150, '0', 'Active'),
(418, 'B', 'False', 150, 'B', 'Active'),
(419, 'A', 'True', 151, '0', 'Active'),
(420, 'B', 'False', 151, 'B', 'Active'),
(421, 'A', 'True', 152, '0', 'Active'),
(422, 'B', 'False', 152, 'B', 'Active'),
(423, 'A', 'True', 153, 'A', 'Active'),
(424, 'B', 'False', 153, '0', 'Active'),
(425, 'A', 'True', 154, '0', 'Active'),
(426, 'B', 'False', 154, 'B', 'Active'),
(427, 'A', 'True', 155, '0', 'Active'),
(428, 'B', 'False', 155, 'B', 'Active'),
(429, 'A', 'True', 156, '0', 'Active'),
(430, 'B', 'False', 156, 'B', 'Active'),
(431, 'A', 'True', 157, '0', 'Active'),
(432, 'B', 'False', 157, 'B', 'Active'),
(433, 'A', 'True', 158, '0', 'Active'),
(434, 'B', 'False', 158, 'B', 'Active'),
(435, 'A', 'True', 159, '0', 'Active'),
(436, 'B', 'False', 159, 'B', 'Active'),
(437, 'A', 'True', 160, '0', 'Active'),
(438, 'B', 'False', 160, 'B', 'Active'),
(439, 'A', 'True', 161, 'A', 'Active'),
(440, 'B', 'False', 161, '0', 'Active'),
(441, 'A', 'True', 163, '0', 'Active'),
(442, 'B', 'False', 163, 'B', 'Active'),
(443, 'A', 'True', 164, '0', 'Active'),
(444, 'B', 'False', 164, 'B', 'Active'),
(445, 'A', 'True', 165, '0', 'Active'),
(446, 'B', 'False', 165, 'B', 'Active'),
(447, 'A', 'True', 166, 'A', 'Active'),
(448, 'B', 'False', 166, '0', 'Active'),
(449, 'A', 'True', 167, '0', 'Active'),
(450, 'B', 'False', 167, 'B', 'Active'),
(451, 'A', 'True', 168, 'A', 'Active'),
(452, 'B', 'False', 168, '0', 'Active'),
(453, 'A', 'True', 169, '0', 'Active'),
(454, 'B', 'False', 169, 'B', 'Active'),
(455, 'A', 'True', 170, 'A', 'Active'),
(456, 'B', 'False', 170, '0', 'Active'),
(457, 'A', 'True', 171, '0', 'Active'),
(458, 'B', 'False', 171, 'B', 'Active'),
(459, 'A', 'True', 172, 'A', 'Active'),
(460, 'B', 'False', 172, '0', 'Active'),
(461, 'A', 'True', 173, '0', 'Active'),
(462, 'B', 'False', 173, 'B', 'Active'),
(463, 'A', 'True', 174, 'A', 'Active'),
(464, 'B', 'False', 174, '0', 'Active'),
(465, 'A', 'True', 175, '0', 'Active'),
(466, 'B', 'False', 175, 'B', 'Active'),
(467, 'A', 'True', 176, 'A', 'Active'),
(468, 'B', 'False', 176, '0', 'Active'),
(469, 'A', 'True', 177, '0', 'Active'),
(470, 'B', 'False', 177, 'B', 'Active'),
(471, 'A', 'True', 178, 'A', 'Active'),
(472, 'B', 'False', 178, '0', 'Active'),
(473, 'A', 'True', 179, '0', 'Active'),
(474, 'B', 'False', 179, 'B', 'Active'),
(475, 'A', 'True', 180, '0', 'Active'),
(476, 'B', 'False', 180, 'B', 'Active'),
(477, 'A', 'True', 181, '0', 'Active'),
(478, 'B', 'False', 181, 'B', 'Active'),
(479, 'A', 'True', 182, '0', 'Active'),
(480, 'B', 'False', 182, 'B', 'Active'),
(481, 'A', 'True', 183, '0', 'Active'),
(482, 'B', 'False', 183, 'B', 'Active'),
(483, 'A', 'True', 184, 'A', 'Active'),
(484, 'B', 'False', 184, '0', 'Active'),
(485, 'A', 'True', 185, '0', 'Active'),
(486, 'B', 'False', 185, 'B', 'Active'),
(487, 'A', 'True', 186, 'A', 'Active'),
(488, 'B', 'False', 186, '0', 'Active'),
(489, 'A', 'True', 187, '0', 'Active'),
(490, 'B', 'False', 187, 'B', 'Active'),
(491, 'A', 'True', 188, 'A', 'Active'),
(492, 'B', 'False', 188, '0', 'Active'),
(493, 'A', 'True', 189, '0', 'Active'),
(494, 'B', 'False', 189, 'B', 'Active'),
(495, 'A', 'True', 190, 'A', 'Active'),
(496, 'B', 'False', 190, '0', 'Active'),
(497, 'A', 'True', 191, '0', 'Active'),
(498, 'B', 'False', 191, 'B', 'Active'),
(499, 'A', 'True', 192, 'A', 'Active'),
(500, 'B', 'False', 192, '0', 'Active'),
(501, 'A', 'True', 193, '0', 'Active'),
(502, 'B', 'False', 193, 'B', 'Active'),
(503, 'A', 'True', 194, 'A', 'Active'),
(504, 'B', 'False', 194, '0', 'Active'),
(505, 'A', 'True', 195, '0', 'Active'),
(506, 'B', 'False', 195, 'B', 'Active'),
(507, 'A', 'True', 196, 'A', 'Active'),
(508, 'B', 'False', 196, '0', 'Active'),
(509, 'A', 'True', 197, '0', 'Active'),
(510, 'B', 'False', 197, 'B', 'Active'),
(511, 'A', 'True', 198, 'A', 'Active'),
(512, 'B', 'False', 198, '0', 'Active'),
(513, 'A', 'True', 199, '0', 'Active'),
(514, 'B', 'False', 199, 'B', 'Active'),
(515, 'A', 'True', 200, 'A', 'Active'),
(516, 'B', 'False', 200, '0', 'Active'),
(517, 'A', 'True', 201, '0', 'Active'),
(518, 'B', 'False', 201, 'B', 'Active'),
(519, 'A', 'True', 202, 'A', 'Active'),
(520, 'B', 'False', 202, '0', 'Active'),
(521, 'A', 'True', 203, '0', 'Active'),
(522, 'B', 'False', 203, 'B', 'Active'),
(523, 'A', 'True', 204, 'A', 'Active'),
(524, 'B', 'False', 204, '0', 'Active'),
(525, 'A', 'True', 205, '0', 'Active'),
(526, 'B', 'False', 205, 'B', 'Active'),
(527, 'A', 'True', 206, '0', 'Active'),
(528, 'B', 'False', 206, 'B', 'Active'),
(529, 'A', 'True', 207, '0', 'Active'),
(530, 'B', 'False', 207, 'B', 'Active'),
(531, 'A', 'True', 208, 'A', 'Active'),
(532, 'B', 'False', 208, '0', 'Active'),
(533, 'A', 'True', 209, '0', 'Active'),
(534, 'B', 'False', 209, 'B', 'Active'),
(535, 'A', 'True', 210, 'A', 'Active'),
(536, 'B', 'False', 210, '0', 'Active'),
(537, 'A', 'True', 211, 'A', 'Active'),
(538, 'B', 'False', 211, '0', 'Active'),
(539, 'A', 'True', 212, '0', 'Active'),
(540, 'B', 'False', 212, 'B', 'Active'),
(541, 'A', 'True', 213, 'A', 'Active'),
(542, 'B', 'False', 213, '0', 'Active'),
(543, 'A', 'True', 214, '0', 'Active'),
(544, 'B', 'False', 214, 'B', 'Active'),
(545, 'A', 'True', 215, 'A', 'Active'),
(546, 'B', 'False', 215, '0', 'Active'),
(547, 'A', 'True', 216, '0', 'Active'),
(548, 'B', 'False', 216, 'B', 'Active'),
(549, 'A', 'True', 217, '0', 'Active'),
(550, 'B', 'False', 217, 'B', 'Active'),
(551, 'A', 'True', 220, '0', 'Active'),
(552, 'B', 'False', 220, 'B', 'Active'),
(553, 'A', 'True', 221, 'A', 'Active'),
(554, 'B', 'False', 221, '0', 'Active'),
(555, 'A', 'True', 222, '0', 'Active'),
(556, 'B', 'False', 222, 'B', 'Active'),
(557, 'A', 'True', 223, 'A', 'Active'),
(558, 'B', 'False', 223, '0', 'Active'),
(559, 'A', 'True', 224, 'A', 'Active'),
(560, 'B', 'False', 224, '0', 'Active'),
(561, 'A', 'True', 225, '0', 'Active'),
(562, 'B', 'False', 225, 'B', 'Active'),
(563, 'A', 'True', 226, 'A', 'Active'),
(564, 'B', 'False', 226, '0', 'Active'),
(565, 'A', 'True', 227, '0', 'Active'),
(566, 'B', 'False', 227, 'B', 'Active'),
(567, 'A', 'True', 228, 'A', 'Active'),
(568, 'B', 'False', 228, '0', 'Active'),
(569, 'A', 'True', 229, '0', 'Active'),
(570, 'B', 'False', 229, 'B', 'Active'),
(571, 'A', 'True', 230, '0', 'Active'),
(572, 'B', 'False', 230, 'B', 'Active'),
(573, 'A', 'True', 232, '0', 'Active'),
(574, 'B', 'False', 232, 'B', 'Active'),
(575, 'A', 'True', 233, 'A', 'Active'),
(576, 'B', 'False', 233, '0', 'Active'),
(577, 'A', 'True', 234, '0', 'Active'),
(578, 'B', 'False', 234, 'B', 'Active'),
(579, 'A', 'True', 235, 'A', 'Active'),
(580, 'B', 'False', 235, '0', 'Active'),
(581, 'A', 'True', 236, '0', 'Active'),
(582, 'B', 'False', 236, 'B', 'Active'),
(583, 'A', 'True', 237, '0', 'Active'),
(584, 'B', 'False', 237, 'B', 'Active'),
(585, 'A', 'True', 238, '0', 'Active'),
(586, 'B', 'False', 238, 'B', 'Active'),
(587, 'A', 'True', 239, '0', 'Active'),
(588, 'B', 'False', 239, 'B', 'Active'),
(589, 'A', 'True', 240, 'A', 'Active'),
(590, 'B', 'False', 240, '0', 'Active'),
(591, 'A', 'True', 241, '0', 'Active'),
(592, 'B', 'False', 241, 'B', 'Active'),
(593, 'A', 'True', 242, '0', 'Active'),
(594, 'B', 'False', 242, 'B', 'Active'),
(595, 'A', 'True', 243, '0', 'Active'),
(596, 'B', 'False', 243, 'B', 'Active'),
(597, 'A', 'True', 244, '0', 'Active'),
(598, 'B', 'False', 244, 'B', 'Active'),
(599, 'A', 'True', 245, '0', 'Active'),
(600, 'B', 'False', 245, 'B', 'Active'),
(601, 'A', 'True', 246, '0', 'Active'),
(602, 'B', 'False', 246, 'B', 'Active'),
(603, 'A', 'True', 247, 'A', 'Active'),
(604, 'B', 'False', 247, '0', 'Active'),
(605, 'A', 'True', 248, 'A', 'Active'),
(606, 'B', 'False', 248, '0', 'Active'),
(607, 'A', 'True', 249, '0', 'Active'),
(608, 'B', 'False', 249, 'B', 'Active'),
(609, 'A', 'True', 250, '0', 'Active'),
(610, 'B', 'False', 250, 'B', 'Active'),
(611, 'A', 'True', 251, 'A', 'Active'),
(612, 'B', 'False', 251, '0', 'Active'),
(613, 'A', 'True', 252, '0', 'Active'),
(614, 'B', 'False', 252, 'B', 'Active'),
(615, 'A', 'True', 253, 'A', 'Active'),
(616, 'B', 'False', 253, '0', 'Active'),
(617, 'A', 'True', 254, '0', 'Active'),
(618, 'B', 'False', 254, 'B', 'Active'),
(619, 'A', 'True', 255, '0', 'Active'),
(620, 'B', 'False', 255, 'B', 'Active'),
(621, 'A', 'True', 256, '0', 'Active'),
(622, 'B', 'False', 256, 'B', 'Active'),
(623, 'A', 'True', 257, '0', 'Active'),
(624, 'B', 'False', 257, 'B', 'Active'),
(625, 'A', 'True', 258, '0', 'Active'),
(626, 'B', 'False', 258, 'B', 'Active'),
(627, 'A', 'True', 259, '0', 'Active'),
(628, 'B', 'False', 259, 'B', 'Active'),
(629, 'A', 'True', 260, 'A', 'Active'),
(630, 'B', 'False', 260, '0', 'Active'),
(631, 'A', 'True', 261, '0', 'Active'),
(632, 'B', 'False', 261, 'B', 'Active'),
(633, 'A', 'True', 262, '0', 'Active'),
(634, 'B', 'False', 262, 'B', 'Active'),
(635, 'A', 'True', 263, '0', 'Active'),
(636, 'B', 'False', 263, 'B', 'Active'),
(637, 'A', 'True', 264, '0', 'Active'),
(638, 'B', 'False', 264, 'B', 'Active');

-- --------------------------------------------------------

--
-- Table structure for table `tf_questions`
--

CREATE TABLE `tf_questions` (
  `question_id` int(11) NOT NULL,
  `question` varchar(500) NOT NULL,
  `q_paper_id` int(11) NOT NULL,
  `status` varchar(500) NOT NULL
) ENGINE=InnoDB DEFAULT CHARSET=latin1;

--
-- Dumping data for table `tf_questions`
--

INSERT INTO `tf_questions` (`question_id`, `question`, `q_paper_id`, `status`) VALUES
(74, 'What is your name?', 377, 'Active'),
(75, 'What is your name?', 379, 'Active'),
(76, 'What is your name?', 380, 'Active'),
(77, 'What is CEO of Comptech 4 All?', 380, 'Active'),
(78, 'What is your name?', 381, 'Active'),
(79, 'What is your name?', 382, 'Active'),
(80, 'What is CEO of Comptech 4 All?', 383, 'Active'),
(81, 'What is your name?', 384, 'Active'),
(82, 'What is CEO of Comptech 4 All?', 384, 'Active'),
(83, 'What is your name?', 385, 'Active'),
(84, 'National income is:-', 385, 'Active'),
(85, 'What is micro economics? what is micro ?', 386, 'Active'),
(86, 'What is your name?', 386, 'Active'),
(87, 'What is micro economics?', 391, 'Active'),
(88, 'What is micro economics?', 398, 'Active'),
(89, 'What is your name?', 398, 'Active'),
(90, 'What is CEO of Comptech 4 All?', 445, 'Active'),
(91, 'What is your name?', 446, 'Active'),
(92, 'What is CEO of Comptech 4 All?', 446, 'Active'),
(93, 'My sister insisted___________________________________coming with us.', 447, 'Active'),
(94, 'What is CEO of Comptech 4 All?kjjkjhkjhkh', 448, 'Active'),
(95, 'What is micro economics?', 449, 'Active'),
(96, 'What is your name?', 451, 'Active'),
(97, 'What is CEO of Comptech 4 All?', 451, 'Active'),
(98, 'What is your name?', 452, 'Active'),
(99, 'What is micro economics?', 454, 'Active'),
(100, 'What is your name?', 454, 'Active'),
(101, 'What is your name?', 454, 'Active'),
(102, 'What is CEO of Comptech 4 All?', 454, 'Active'),
(103, 'What is your name? What is Your Sister Name ?', 455, 'Active'),
(104, 'What is your name?', 456, 'Active'),
(105, 'What is CEO of Comptech 4 All?', 459, 'Active'),
(106, 'What is your name?', 460, 'Active'),
(109, 'What is your name?', 465, 'Active'),
(110, 'National income is:-', 465, 'Active'),
(111, 'What is micro economics?', 472, 'Active'),
(112, 'What is your name?', 472, 'Active'),
(113, 'Values are ready for edit.', 483, 'Active'),
(114, 'What is micro economics?', 484, 'Active'),
(115, 'What is micro economics?', 485, 'Active'),
(116, 'What is your name?', 493, 'Active'),
(117, 'What is your name?', 497, 'Active'),
(118, 'What is your name?', 498, 'Active'),
(119, 'What is your name?', 502, 'Active'),
(120, 'What is CEO of Comptech 4 All?', 504, 'Active'),
(121, 'What is your name?', 506, 'Active'),
(122, 'What is CEO of Comptech 4 All?', 508, 'Active'),
(123, 'What is your name?', 509, 'Active'),
(124, 'National income is:-', 510, 'Active'),
(125, 'There are four provinces of Pakistan ?', 511, 'Active'),
(126, 'What is your name?', 514, 'Active'),
(127, 'What is your name?', 515, 'Active'),
(128, 'What is your name?', 519, 'Active'),
(129, 'What is your name?', 520, 'Active'),
(130, 'What is micro economics?', 521, 'Active'),
(131, 'What is your name? a b c d', 522, 'Active'),
(132, 'National income is:-', 523, 'Active'),
(133, 'What is micro economics?', 523, 'Active'),
(134, 'What is your name?', 524, 'Active'),
(135, 'What is CEO of Comptech 4 All?', 525, 'Active'),
(136, 'What is your name?', 533, 'Active'),
(137, 'What is micro economics?', 544, 'Active'),
(138, 'What is micro economics?', 545, 'Active'),
(139, 'What is micro economics?', 546, 'Active'),
(140, 'What is your name?', 552, 'Active'),
(141, 'What is CEO of Comptech 4 All?', 554, 'Active'),
(142, 'What is micro economics?', 555, 'Active'),
(143, 'What is your name?', 560, 'Active'),
(144, 'What is micro economics?', 561, 'Active'),
(145, 'What is your name?', 561, 'Active'),
(146, 'What is your name?', 562, 'Active'),
(147, 'What is your name?', 563, 'Active'),
(148, 'What is your name?', 564, 'Active'),
(149, 'What is your name?', 565, 'Active'),
(150, 'What is micro economics?', 567, 'Active'),
(151, 'What is your name?', 568, 'Active'),
(152, 'What is micro economics?', 570, 'Active'),
(153, 'What is micro economics?', 580, 'Active'),
(154, 'What is micro economics?', 582, 'Active'),
(155, 'What is micro economics?', 583, 'Active'),
(156, 'What is CEO of Comptech 4 All?', 593, 'Active'),
(157, 'What is your name?', 594, 'Active'),
(158, 'What is CEO of Comptech 4 All?', 599, 'Active'),
(159, 'What is CEO of Comptech 4 All?', 603, 'Active'),
(160, 'What is micro economics?', 609, 'Active'),
(161, 'What is your name?', 623, 'Active'),
(162, 'What is micro economics?', 623, 'Active'),
(163, 'What is micro economics?', 624, 'Active'),
(164, 'What is your name?', 626, 'Active'),
(165, 'What is micro economics?', 627, 'Active'),
(166, 'What is your name?', 628, 'Active'),
(167, 'What is your name?', 630, 'Active'),
(168, 'What is CEO of Comptech 4 All?', 630, 'Active'),
(169, 'What is micro economics?', 632, 'Active'),
(170, 'What is your name?', 632, 'Active'),
(171, 'What is your name?', 634, 'Active'),
(172, 'What is CEO of Comptech 4 All?', 634, 'Active'),
(173, 'What is your name?', 638, 'Active'),
(174, 'National income is:-', 638, 'Active'),
(175, 'What is micro economics?', 642, 'Active'),
(176, 'What is your name?', 642, 'Active'),
(177, 'What is micro economics?', 643, 'Active'),
(178, 'What is your name?', 643, 'Active'),
(179, 'What is your name?', 648, 'Active'),
(180, 'What is micro economics?', 649, 'Active'),
(181, 'What is CEO of Comptech 4 All?', 651, 'Active'),
(182, 'What is micro economics?', 652, 'Active'),
(183, 'What is micro economics?', 654, 'Active'),
(184, 'What is CEO of Comptech 4 All?', 654, 'Active'),
(185, 'What is your name?', 656, 'Active'),
(186, 'What is CEO of Comptech 4 All?', 656, 'Active'),
(187, 'What is micro economics?', 657, 'Active'),
(188, 'What is your name?', 657, 'Active'),
(189, 'What is CEO of Comptech 4 All?', 661, 'Active'),
(190, 'National income is:-', 661, 'Active'),
(191, 'What is micro economics?', 665, 'Active'),
(192, 'What is your name?dsfd', 665, 'Active'),
(193, 'What is your name?', 665, 'Active'),
(194, 'What is CEO of Comptech 4 All?', 665, 'Active'),
(195, 'What is micro economics?', 666, 'Active'),
(196, 'What is micro economics? dfd dsf', 666, 'Active'),
(197, 'What is micro economics? dasad', 666, 'Active'),
(198, 'What is micro economics? saadf', 666, 'Active'),
(199, 'What is micro economics? eed', 668, 'Active'),
(200, 'What is micro economics? df', 668, 'Active'),
(201, 'What is micro economics?dsfd', 668, 'Active'),
(202, 'What is your name?dsfd', 668, 'Active'),
(203, 'What is micro economics?', 669, 'Active'),
(204, 'What is micro economics? dfs', 669, 'Active'),
(205, 'What is micro economics? dsfsdf', 669, 'Active'),
(206, 'What is micro economics?34', 669, 'Active'),
(207, 'What is micro economics?', 671, 'Active'),
(208, 'What is your name?', 671, 'Active'),
(209, 'What is micro economics?', 672, 'Active'),
(210, 'What is your name?', 672, 'Active'),
(211, 'what is your name ?', 675, 'Active'),
(212, 'what is your name ? asd', 675, 'Active'),
(213, 'what is your name ? rt DSFDSF', 675, 'Active'),
(214, 'what is your name ?', 680, 'Active'),
(215, 'what is your name ? asd', 680, 'Active'),
(216, 'what is your name ? asdSDFDSFDS', 680, 'Active'),
(217, 'what is your name ?', 681, 'Active'),
(218, 'what is your name ? asd', 681, 'Active'),
(219, 'what is your name ? rt', 681, 'Active'),
(220, 'what is your name ?', 682, 'Active'),
(221, 'what is your name ? asd', 682, 'Active'),
(222, 'what is your name ?', 683, 'Active'),
(223, 'what is your name ? asd', 683, 'Active'),
(224, 'what is your name ?', 684, 'Active'),
(225, 'what is your name ? asd', 684, 'Active'),
(226, 'what is your name ? rt', 684, 'Active'),
(227, 'what is your name ?', 685, 'Active'),
(228, 'what is your name ? asd', 685, 'Active'),
(229, 'what is your name ? asdSDFDSFDS', 685, 'Active'),
(230, 'what is your name ?', 690, 'Active'),
(231, 'what is your name ? asd', 690, 'Active'),
(232, 'what is your name ?', 693, 'Active'),
(233, 'what is your name ? asd', 693, 'Active'),
(234, 'what is your name ?', 695, 'Active'),
(235, 'what is your name ? asd', 695, 'Active'),
(236, 'what is your name ?', 696, 'Active'),
(237, 'what is your name ?', 697, 'Active'),
(238, 'what is your name ? asd', 697, 'Active'),
(239, 'what is your name ?', 698, 'Active'),
(240, 'what is your name ? asd', 698, 'Active'),
(241, 'what is your name ? asd', 699, 'Active'),
(242, 'what is your name ? asd', 700, 'Active'),
(243, 'what is your name ?', 701, 'Active'),
(244, 'what is your name ? asd', 702, 'Active'),
(245, 'what is your name ? asd', 704, 'Active'),
(246, 'what is your name ? asd', 705, 'Active'),
(247, 'what is your name ? asdSDFDSFDS', 706, 'Active'),
(248, 'what is your name ? asd', 707, 'Active'),
(249, 'what is your name ?', 708, 'Active'),
(250, 'what is your name ? asd DSF', 711, 'Active'),
(251, 'what is your name ? asd DSF', 711, 'Active'),
(252, 'what is your name ?', 712, 'Active'),
(253, 'what is your name ? asd DSF', 712, 'Active'),
(254, 'what is your name ? asd', 717, 'Active'),
(255, 'what is your name ? asd', 718, 'Active'),
(256, 'what is your name ?', 719, 'Active'),
(257, 'what is your name ? asd DSF', 720, 'Active'),
(258, 'what is your name ? asd DSF', 721, 'Active'),
(259, 'what is your name ?', 725, 'Active'),
(260, 'what is your name\'s ? asd DSF', 725, 'Active'),
(261, 'what is your name ? sdfdsf', 729, 'Active'),
(262, 'what is your name ?', 730, 'Active'),
(263, 'what is your name ?', 731, 'Active'),
(264, 'what is your name ? asd', 732, 'Active');

-- --------------------------------------------------------

--
-- Table structure for table `user`
--

CREATE TABLE `user` (
  `user_id` int(11) NOT NULL,
  `user_name` varchar(50) NOT NULL,
  `password` varchar(50) NOT NULL,
  `contact_no` text NOT NULL,
  `email_id` varchar(50) NOT NULL,
  `u_type_id` int(10) NOT NULL,
  `program_id` int(20) NOT NULL,
  `status` varchar(50) NOT NULL
) ENGINE=InnoDB DEFAULT CHARSET=latin1;

--
-- Dumping data for table `user`
--

INSERT INTO `user` (`user_id`, `user_name`, `password`, `contact_no`, `email_id`, `u_type_id`, `program_id`, `status`) VALUES
(74, 'Kashif Ali', '12345', '03057502419', 'hussainshanawar1214@gmail.com', 20, 13, 'Active'),
(75, 'Hussain Mehdi', '22', '03034343545', 'hussain@gmail.com', 23, 13, 'Active'),
(76, 'Zuhair Abbas ', '1111', '03034343545', 'zuhair@gmail.com', 23, 13, 'Active'),
(77, 'Ali Taneem', '12345', '03034343545', 'alitaneem@gmail.com', 23, 13, 'Active'),
(78, 'Danish Nawaz', '999', '03034343545', 'danish@gmail.com', 23, 13, 'Active'),
(79, 'Zuhair Abbas ', '12345', '03034343545', 'kashifali@gmail.com', 20, 13, 'Active'),
(80, 'Zuhair Abbas ', '12345', '03034343545', 'kashifali@gmail.com', 22, 13, 'Active'),
(81, 'Muhammad Ali', '10', '03034343545', 'ali@gmail.com', 23, 13, 'Active'),
(82, 'Muhammad Asif', '12345', '03034343545', 'asif@gmail.com', 23, 13, 'Active'),
(83, 'A', 'a', '534544534535', 'a@gmail.com', 23, 13, 'Active'),
(84, 'B', 'b', '534544534535', 'b@gmail.com', 23, 13, 'Active');

-- --------------------------------------------------------

--
-- Table structure for table `user_type`
--

CREATE TABLE `user_type` (
  `u_type_id` int(11) NOT NULL,
  `u_type` varchar(50) NOT NULL,
  `status` varchar(50) NOT NULL
) ENGINE=InnoDB DEFAULT CHARSET=latin1;

--
-- Dumping data for table `user_type`
--

INSERT INTO `user_type` (`u_type_id`, `u_type`, `status`) VALUES
(20, 'admin', 'Active'),
(22, 'student', 'Active'),
(23, 'teacher', 'Active');

--
-- Indexes for dumped tables
--

--
-- Indexes for table `answers`
--
ALTER TABLE `answers`
  ADD PRIMARY KEY (`ans_id`);

--
-- Indexes for table `course`
--
ALTER TABLE `course`
  ADD PRIMARY KEY (`course_id`);

--
-- Indexes for table `date_sheet`
--
ALTER TABLE `date_sheet`
  ADD PRIMARY KEY (`schedule_id`);

--
-- Indexes for table `fb`
--
ALTER TABLE `fb`
  ADD PRIMARY KEY (`fb_id`);

--
-- Indexes for table `fb_answers`
--
ALTER TABLE `fb_answers`
  ADD PRIMARY KEY (`ans_id`);

--
-- Indexes for table `fb_questions`
--
ALTER TABLE `fb_questions`
  ADD PRIMARY KEY (`question_id`);

--
-- Indexes for table `long_q`
--
ALTER TABLE `long_q`
  ADD PRIMARY KEY (`long_q_id`);

--
-- Indexes for table `lq`
--
ALTER TABLE `lq`
  ADD PRIMARY KEY (`lq_id`);

--
-- Indexes for table `mcq`
--
ALTER TABLE `mcq`
  ADD PRIMARY KEY (`mcq_id`);

--
-- Indexes for table `pico`
--
ALTER TABLE `pico`
  ADD PRIMARY KEY (`id`);

--
-- Indexes for table `program`
--
ALTER TABLE `program`
  ADD PRIMARY KEY (`program_id`);

--
-- Indexes for table `question`
--
ALTER TABLE `question`
  ADD PRIMARY KEY (`question_id`);

--
-- Indexes for table `q_paper`
--
ALTER TABLE `q_paper`
  ADD PRIMARY KEY (`q_paper_id`);

--
-- Indexes for table `q_paper_type`
--
ALTER TABLE `q_paper_type`
  ADD PRIMARY KEY (`q_paper_type_id`);

--
-- Indexes for table `q_p_formate`
--
ALTER TABLE `q_p_formate`
  ADD PRIMARY KEY (`q_p_formate_id`);

--
-- Indexes for table `session`
--
ALTER TABLE `session`
  ADD PRIMARY KEY (`session_id`);

--
-- Indexes for table `short_q`
--
ALTER TABLE `short_q`
  ADD PRIMARY KEY (`short_q_id`);

--
-- Indexes for table `sq`
--
ALTER TABLE `sq`
  ADD PRIMARY KEY (`sq_id`);

--
-- Indexes for table `sq_formate2`
--
ALTER TABLE `sq_formate2`
  ADD PRIMARY KEY (`sq_formate_id`);

--
-- Indexes for table `std_course_alloc`
--
ALTER TABLE `std_course_alloc`
  ADD PRIMARY KEY (`std_c_al_id`);

--
-- Indexes for table `teach_course_alloc`
--
ALTER TABLE `teach_course_alloc`
  ADD PRIMARY KEY (`teach_c_al_id`);

--
-- Indexes for table `tf`
--
ALTER TABLE `tf`
  ADD PRIMARY KEY (`tf_id`);

--
-- Indexes for table `tf_answers`
--
ALTER TABLE `tf_answers`
  ADD PRIMARY KEY (`ans_id`);

--
-- Indexes for table `tf_questions`
--
ALTER TABLE `tf_questions`
  ADD PRIMARY KEY (`question_id`);

--
-- Indexes for table `user`
--
ALTER TABLE `user`
  ADD PRIMARY KEY (`user_id`);

--
-- Indexes for table `user_type`
--
ALTER TABLE `user_type`
  ADD PRIMARY KEY (`u_type_id`);

--
-- AUTO_INCREMENT for dumped tables
--

--
-- AUTO_INCREMENT for table `answers`
--
ALTER TABLE `answers`
  MODIFY `ans_id` int(11) NOT NULL AUTO_INCREMENT, AUTO_INCREMENT=1970;

--
-- AUTO_INCREMENT for table `course`
--
ALTER TABLE `course`
  MODIFY `course_id` int(11) NOT NULL AUTO_INCREMENT, AUTO_INCREMENT=35;

--
-- AUTO_INCREMENT for table `date_sheet`
--
ALTER TABLE `date_sheet`
  MODIFY `schedule_id` int(11) NOT NULL AUTO_INCREMENT, AUTO_INCREMENT=12;

--
-- AUTO_INCREMENT for table `fb`
--
ALTER TABLE `fb`
  MODIFY `fb_id` int(11) NOT NULL AUTO_INCREMENT, AUTO_INCREMENT=286;

--
-- AUTO_INCREMENT for table `fb_answers`
--
ALTER TABLE `fb_answers`
  MODIFY `ans_id` int(11) NOT NULL AUTO_INCREMENT, AUTO_INCREMENT=353;

--
-- AUTO_INCREMENT for table `fb_questions`
--
ALTER TABLE `fb_questions`
  MODIFY `question_id` int(11) NOT NULL AUTO_INCREMENT, AUTO_INCREMENT=438;

--
-- AUTO_INCREMENT for table `long_q`
--
ALTER TABLE `long_q`
  MODIFY `long_q_id` int(11) NOT NULL AUTO_INCREMENT, AUTO_INCREMENT=272;

--
-- AUTO_INCREMENT for table `lq`
--
ALTER TABLE `lq`
  MODIFY `lq_id` int(11) NOT NULL AUTO_INCREMENT, AUTO_INCREMENT=158;

--
-- AUTO_INCREMENT for table `mcq`
--
ALTER TABLE `mcq`
  MODIFY `mcq_id` int(11) NOT NULL AUTO_INCREMENT, AUTO_INCREMENT=413;

--
-- AUTO_INCREMENT for table `pico`
--
ALTER TABLE `pico`
  MODIFY `id` int(11) NOT NULL AUTO_INCREMENT, AUTO_INCREMENT=53;

--
-- AUTO_INCREMENT for table `program`
--
ALTER TABLE `program`
  MODIFY `program_id` int(11) NOT NULL AUTO_INCREMENT, AUTO_INCREMENT=15;

--
-- AUTO_INCREMENT for table `question`
--
ALTER TABLE `question`
  MODIFY `question_id` int(11) NOT NULL AUTO_INCREMENT, AUTO_INCREMENT=981;

--
-- AUTO_INCREMENT for table `q_paper`
--
ALTER TABLE `q_paper`
  MODIFY `q_paper_id` int(11) NOT NULL AUTO_INCREMENT, AUTO_INCREMENT=755;

--
-- AUTO_INCREMENT for table `q_paper_type`
--
ALTER TABLE `q_paper_type`
  MODIFY `q_paper_type_id` int(11) NOT NULL AUTO_INCREMENT, AUTO_INCREMENT=20;

--
-- AUTO_INCREMENT for table `q_p_formate`
--
ALTER TABLE `q_p_formate`
  MODIFY `q_p_formate_id` int(11) NOT NULL AUTO_INCREMENT, AUTO_INCREMENT=647;

--
-- AUTO_INCREMENT for table `session`
--
ALTER TABLE `session`
  MODIFY `session_id` int(10) NOT NULL AUTO_INCREMENT, AUTO_INCREMENT=13;

--
-- AUTO_INCREMENT for table `short_q`
--
ALTER TABLE `short_q`
  MODIFY `short_q_id` int(11) NOT NULL AUTO_INCREMENT, AUTO_INCREMENT=507;

--
-- AUTO_INCREMENT for table `sq`
--
ALTER TABLE `sq`
  MODIFY `sq_id` int(11) NOT NULL AUTO_INCREMENT, AUTO_INCREMENT=260;

--
-- AUTO_INCREMENT for table `sq_formate2`
--
ALTER TABLE `sq_formate2`
  MODIFY `sq_formate_id` int(11) NOT NULL AUTO_INCREMENT;

--
-- AUTO_INCREMENT for table `std_course_alloc`
--
ALTER TABLE `std_course_alloc`
  MODIFY `std_c_al_id` int(11) NOT NULL AUTO_INCREMENT, AUTO_INCREMENT=88;

--
-- AUTO_INCREMENT for table `teach_course_alloc`
--
ALTER TABLE `teach_course_alloc`
  MODIFY `teach_c_al_id` int(11) NOT NULL AUTO_INCREMENT, AUTO_INCREMENT=106;

--
-- AUTO_INCREMENT for table `tf`
--
ALTER TABLE `tf`
  MODIFY `tf_id` int(11) NOT NULL AUTO_INCREMENT, AUTO_INCREMENT=239;

--
-- AUTO_INCREMENT for table `tf_answers`
--
ALTER TABLE `tf_answers`
  MODIFY `ans_id` int(11) NOT NULL AUTO_INCREMENT, AUTO_INCREMENT=639;

--
-- AUTO_INCREMENT for table `tf_questions`
--
ALTER TABLE `tf_questions`
  MODIFY `question_id` int(11) NOT NULL AUTO_INCREMENT, AUTO_INCREMENT=265;

--
-- AUTO_INCREMENT for table `user`
--
ALTER TABLE `user`
  MODIFY `user_id` int(11) NOT NULL AUTO_INCREMENT, AUTO_INCREMENT=85;

--
-- AUTO_INCREMENT for table `user_type`
--
ALTER TABLE `user_type`
  MODIFY `u_type_id` int(11) NOT NULL AUTO_INCREMENT, AUTO_INCREMENT=24;
COMMIT;

/*!40101 SET CHARACTER_SET_CLIENT=@OLD_CHARACTER_SET_CLIENT */;
/*!40101 SET CHARACTER_SET_RESULTS=@OLD_CHARACTER_SET_RESULTS */;
/*!40101 SET COLLATION_CONNECTION=@OLD_COLLATION_CONNECTION */;
